Source	Target	Target_Uniprot	ModifiedSequence	log2Score	percentileScore	percentileRank	f	Type
B4DV95	A0A024R6G3_Y393	A0A024R6G3	EGREFYMRQTG	0.9309900822788336	0.9844277673545966	1	-0.422106460755867	KS
A0A024R7E4	A0A024R6G3_Y393	A0A024R6G3	EGREFYMRQTG	1.4649033313950302	0.9782363977485928	2	-0.422106460755867	KS
Q9BXM7	A0A024R6G3_Y393	A0A024R6G3	EGREFYMRQTG	0.8941463349890907	0.9707317073170731	3	-0.422106460755867	KS
Q6ZWH5	A0A024R6G3_Y393	A0A024R6G3	EGREFYMRQTG	1.523251878703224	0.9675422138836773	4	-0.422106460755867	KS
P30291	A0A024R6G3_Y393	A0A024R6G3	EGREFYMRQTG	1.4513995444502636	0.9555347091932458	5	-0.422106460755867	KS
P07949	A0A024R6G3_Y393	A0A024R6G3	EGREFYMRQTG	1.528898872686923	0.9452157598499062	6	-0.422106460755867	KS
P09619	A0A024R6G3_Y393	A0A024R6G3	EGREFYMRQTG	1.4424805379946573	0.9397748592870544	7	-0.422106460755867	KS
P36888	A0A024R6G3_Y393	A0A024R6G3	EGREFYMRQTG	1.380802308009088	0.9198874296435272	8	-0.422106460755867	KS
Q13882	A0A024R6G3_Y393	A0A024R6G3	EGREFYMRQTG	1.1495177875704525	0.9015009380863039	9	-0.422106460755867	KS
P09769	A0A087WXB8_S138	A0A087WXB8	KFDLPYGMRTS	2.733882407070933	0.977298311444653	1	-0.923822939376993	KS
P30291	A0A087WXB8_S138	A0A087WXB8	KFDLPYGMRTS	0.9791252314061936	0.925515947467167	2	-0.923822939376993	KS
P07947	A0A087WXB8_S138	A0A087WXB8	KFDLPYGMRTS	2.164905325213771	0.9084427767354597	3	-0.923822939376993	KS
P12931	A0A087WXB8_S138	A0A087WXB8	KFDLPYGMRTS	2.204650692081326	0.9061913696060038	4	-0.923822939376993	KS
Q13873	A0A0G2JNZ2_Y834	A0A0G2JNZ2	RPEDDYSPRER	2.192580684744658	0.9945590994371483	1	-0.149704426234763	KS
P14616	A0A0G2JNZ2_Y834	A0A0G2JNZ2	RPEDDYSPRER	1.9659101276141762	0.9630393996247655	2	-0.149704426234763	KS
A0A024R8K3	A0A0G2JNZ2_Y834	A0A0G2JNZ2	RPEDDYSPRER	1.2621388379330036	0.9521575984990619	3	-0.149704426234763	KS
A0A024R273	A0A0G2JNZ2_Y834	A0A0G2JNZ2	RPEDDYSPRER	3.3441350417226	0.950656660412758	4	-0.149704426234763	KS
P45985	A0A0G2JNZ2_Y834	A0A0G2JNZ2	RPEDDYSPRER	1.3343718750384879	0.9455909943714822	5	-0.149704426234763	KS
Q9BXM7	A0A0G2JNZ2_Y834	A0A0G2JNZ2	RPEDDYSPRER	0.6128010253550419	0.9424015009380863	6	-0.149704426234763	KS
P06213	A0A0G2JNZ2_Y834	A0A0G2JNZ2	RPEDDYSPRER	1.4523059561266112	0.9416510318949344	7	-0.149704426234763	KS
P08069	A0A0G2JNZ2_Y834	A0A0G2JNZ2	RPEDDYSPRER	1.6793619609754762	0.9412757973733583	8	-0.149704426234763	KS
A0A024R7M7	A0A0G2JNZ2_Y834	A0A0G2JNZ2	RPEDDYSPRER	1.6185150293750297	0.9380863039399625	9	-0.149704426234763	KS
P09769	A0A0G2JNZ2_Y834	A0A0G2JNZ2	RPEDDYSPRER	2.0388096885651206	0.9362101313320825	10	-0.149704426234763	KS
Q05397	A0A0G2JNZ2_Y834	A0A0G2JNZ2	RPEDDYSPRER	2.3690372417970686	0.9273921200750469	11	-0.149704426234763	KS
E9PJX5	A0A0G2JNZ2_Y834	A0A0G2JNZ2	RPEDDYSPRER	2.934268339061449	0.9195121951219513	12	-0.149704426234763	KS
P36888	A0A0G2JNZ2_Y834	A0A0G2JNZ2	RPEDDYSPRER	1.3437916768715408	0.9165103189493433	13	-0.149704426234763	KS
Q504U8	A0A0G2JNZ2_Y834	A0A0G2JNZ2	RPEDDYSPRER	2.1113403614558797	0.9157598499061914	14	-0.149704426234763	KS
P51813	A0A0G2JNZ2_Y834	A0A0G2JNZ2	RPEDDYSPRER	2.1519250884424013	0.9155722326454033	15	-0.149704426234763	KS
Q02763	A0A126GWA2_Y276	A0A126GWA2	VITVMYTAVTP	1.460446257841203	0.9150093808630394	1	-0.199131448417235	KS
P42679	A0A140VJQ8_Y118	A0A140VJQ8	EEEHVYSFPNK	3.9438066798525697	0.9975609756097561	1	-0.590884470424889	KS
A0A024R8E2	A0A140VJQ8_Y118	A0A140VJQ8	EEEHVYSFPNK	3.9556653714612917	0.9900562851782364	2	-0.590884470424889	KS
P42684	A0A140VJQ8_Y118	A0A140VJQ8	EEEHVYSFPNK	3.820380437620533	0.9876172607879925	3	-0.590884470424889	KS
Q13882	A0A140VJQ8_Y118	A0A140VJQ8	EEEHVYSFPNK	2.0329555623025928	0.9682926829268292	4	-0.590884470424889	KS
P43403	A0A140VJQ8_Y118	A0A140VJQ8	EEEHVYSFPNK	3.5033722052222815	0.9664165103189494	5	-0.590884470424889	KS
B4DVP5	A0A140VJQ8_Y118	A0A140VJQ8	EEEHVYSFPNK	2.7702055503673044	0.9641651031894934	6	-0.590884470424889	KS
A0A024R273	A0A140VJQ8_Y118	A0A140VJQ8	EEEHVYSFPNK	3.5544104475440403	0.9589118198874297	7	-0.590884470424889	KS
P07947	A0A140VJQ8_Y118	A0A140VJQ8	EEEHVYSFPNK	2.86559631547096	0.9585365853658536	8	-0.590884470424889	KS
P42685	A0A140VJQ8_Y118	A0A140VJQ8	EEEHVYSFPNK	2.82082971041463	0.9577861163227017	9	-0.590884470424889	KS
A8K3B6	A0A140VJQ8_Y118	A0A140VJQ8	EEEHVYSFPNK	2.3354050413592504	0.9566604127579738	10	-0.590884470424889	KS
P09769	A0A140VJQ8_Y118	A0A140VJQ8	EEEHVYSFPNK	2.3082574165771526	0.9532833020637899	11	-0.590884470424889	KS
Q14289	A0A140VJQ8_Y118	A0A140VJQ8	EEEHVYSFPNK	2.7508708932106045	0.9439024390243902	12	-0.590884470424889	KS
P06241	A0A140VJQ8_Y118	A0A140VJQ8	EEEHVYSFPNK	3.097053905162488	0.9392120075046905	13	-0.590884470424889	KS
P12931	A0A140VJQ8_Y118	A0A140VJQ8	EEEHVYSFPNK	2.678381535361984	0.9386491557223264	14	-0.590884470424889	KS
Q12866	A0A140VJQ8_Y118	A0A140VJQ8	EEEHVYSFPNK	2.5155427896571516	0.9369606003752345	15	-0.590884470424889	KS
P53667	A0A140VJQ8_Y88	A0A140VJQ8	SSSPVYGSSAK	0.7435432328509982	0.9652908067542214	1	-0.472713940810515	KS
P12931	A0A140VJQ8_Y88	A0A140VJQ8	SSSPVYGSSAK	3.2267272478939275	0.9632270168855535	2	-0.472713940810515	KS
P07947	A0A140VJQ8_Y88	A0A140VJQ8	SSSPVYGSSAK	2.6633573638062864	0.9474671669793621	3	-0.472713940810515	KS
A0A0S2Z3Y8	A0A140VJQ8_Y88	A0A140VJQ8	SSSPVYGSSAK	2.7629694664745137	0.9414634146341463	4	-0.472713940810515	KS
E9PJX5	A0A140VJQ8_Y88	A0A140VJQ8	SSSPVYGSSAK	3.2366371404344814	0.9367729831144466	5	-0.472713940810515	KS
Q08881	A0A140VJQ8_Y88	A0A140VJQ8	SSSPVYGSSAK	2.295253549149581	0.9320825515947467	6	-0.472713940810515	KS
P06241	A0A140VJQ8_Y88	A0A140VJQ8	SSSPVYGSSAK	2.851532123189172	0.925515947467167	7	-0.472713940810515	KS
A0A024R8E2	A0A140VJQ8_Y88	A0A140VJQ8	SSSPVYGSSAK	2.344365951981268	0.9155722326454033	8	-0.472713940810515	KS
P53671	A0A140VJQ8_Y88	A0A140VJQ8	SSSPVYGSSAK	0.8137900418996634	0.9136960600375235	9	-0.472713940810515	KS
P53671	A0A140VK42_Y226	A0A140VK42	KGVLMYGPPGT	1.4570055670691422	0.9696060037523452	1	0.0587038427643698	KS
P45985	A0A140VK42_Y226	A0A140VK42	KGVLMYGPPGT	1.5185640539790457	0.9651031894934334	2	0.0587038427643698	KS
A0A024R8E2	A0A140VK42_Y226	A0A140VK42	KGVLMYGPPGT	3.0504705435436805	0.9622889305816135	3	0.0587038427643698	KS
Q01538	A0A140VK42_Y226	A0A140VK42	KGVLMYGPPGT	1.1466428943175713	0.95046904315197	4	0.0587038427643698	KS
Q07912	A0A140VK42_Y226	A0A140VK42	KGVLMYGPPGT	1.6837624680976244	0.9105065666041275	5	0.0587038427643698	KS
P53667	A0A158RFW1_Y257	A0A158RFW1	KKIKGYEVTSK	0.9086430496921905	0.974859287054409	1	0.354402326068278	KS
Q01538	A0A158RFW1_Y257	A0A158RFW1	KKIKGYEVTSK	1.079413428962639	0.9427767354596623	2	0.354402326068278	KS
P53671	A0A158RFW1_Y257	A0A158RFW1	KKIKGYEVTSK	0.7639697041407953	0.9078799249530957	3	0.354402326068278	KS
P53667	A4D1B1_Y93	A4D1B1	RGPYTYRVRFL	1.69655096906355	0.9958724202626642	1	-1.08731162065996	KS
P30291	A4D1B1_Y93	A4D1B1	RGPYTYRVRFL	2.8516873214719314	0.9921200750469044	2	-1.08731162065996	KS
Q13470	A4D1B1_Y93	A4D1B1	RGPYTYRVRFL	1.9171833202514321	0.9808630393996247	3	-1.08731162065996	KS
P53671	A4D1B1_Y93	A4D1B1	RGPYTYRVRFL	1.6930296394224589	0.9791744840525328	4	-1.08731162065996	KS
Q59H18	A4D1B1_Y93	A4D1B1	RGPYTYRVRFL	2.2777202519459725	0.9782363977485928	5	-1.08731162065996	KS
B4DV95	A4D1B1_Y93	A4D1B1	RGPYTYRVRFL	0.6130687125435139	0.9530956848030019	6	-1.08731162065996	KS
Q08345	A4D1B1_Y93	A4D1B1	RGPYTYRVRFL	1.4993377326191468	0.9523452157598499	7	-1.08731162065996	KS
Q01538	A4D1B1_Y93	A4D1B1	RGPYTYRVRFL	1.1494001708388197	0.95046904315197	8	-1.08731162065996	KS
Q9BXM7	A4D1B1_Y93	A4D1B1	RGPYTYRVRFL	0.6378916330539078	0.9448405253283302	9	-1.08731162065996	KS
Q15569	A4D1B1_Y93	A4D1B1	RGPYTYRVRFL	0.30291742151402967	0.927016885553471	10	-1.08731162065996	KS
A0A024R906	A4D1B1_Y93	A4D1B1	RGPYTYRVRFL	1.4910122355799384	0.9183864915572233	11	-1.08731162065996	KS
Q13470	A8K5M4_Y139	A8K5M4	TVKQKYLSFTP	1.894257438493093	0.9804878048780488	1	0.754025519357388	KS
Q13470	A8K5M4_Y249	A8K5M4	DPKKKYTRYEK	3.056478146208046	0.9973733583489681	1	1.81214657634045	KS
B4DV95	A8K5M4_Y249	A8K5M4	DPKKKYTRYEK	1.063866339391192	0.9921200750469044	2	1.81214657634045	KS
P53671	A8K5M4_Y249	A8K5M4	DPKKKYTRYEK	2.147048859159278	0.9911819887429644	3	1.81214657634045	KS
Q9BXM7	A8K5M4_Y249	A8K5M4	DPKKKYTRYEK	1.297574620314096	0.9906191369606003	4	1.81214657634045	KS
P53667	A8K5M4_Y249	A8K5M4	DPKKKYTRYEK	1.1265125068123591	0.9866791744840525	5	1.81214657634045	KS
Q15569	A8K5M4_Y249	A8K5M4	DPKKKYTRYEK	0.9633548006870172	0.9864915572232645	6	1.81214657634045	KS
A0A024R906	A8K5M4_Y249	A8K5M4	DPKKKYTRYEK	1.689481081125301	0.9294559099437149	7	1.81214657634045	KS
P30291	A8K5M4_Y249	A8K5M4	DPKKKYTRYEK	1.0227255957369101	0.9272045028142589	8	1.81214657634045	KS
A0A024RD88	A8K5M4_Y249	A8K5M4	DPKKKYTRYEK	1.7796592631704895	0.9208255159474672	9	1.81214657634045	KS
P09619	A8K5M4_Y249	A8K5M4	DPKKKYTRYEK	1.1416934809521098	0.9071294559099438	10	1.81214657634045	KS
A0A024R8K3	A8K6Q4_Y914	A8K6Q4	GGDSDYEEEEE	3.0192123632533026	0.999812382739212	1	-0.588893251101336	KS
A0A024R452	A8K6Q4_Y914	A8K6Q4	GGDSDYEEEEE	5.322889945720038	0.999624765478424	2	-0.588893251101336	KS
Q15120	A8K6Q4_Y914	A8K6Q4	GGDSDYEEEEE	2.6575602591639003	0.999249530956848	3	-0.588893251101336	KS
B7ZKJ3	A8K6Q4_Y914	A8K6Q4	GGDSDYEEEEE	5.6636214130938125	0.9984990619136961	4	-0.588893251101336	KS
P45985	A8K6Q4_Y914	A8K6Q4	GGDSDYEEEEE	2.289690109550634	0.9983114446529081	5	-0.588893251101336	KS
A4D1H4	A8K6Q4_Y914	A8K6Q4	GGDSDYEEEEE	2.6959835594127903	0.9983114446529081	6	-0.588893251101336	KS
A0A024R273	A8K6Q4_Y914	A8K6Q4	GGDSDYEEEEE	6.883765061322253	0.9983114446529081	7	-0.588893251101336	KS
Q05397	A8K6Q4_Y914	A8K6Q4	GGDSDYEEEEE	5.776364293322712	0.997936210131332	8	-0.588893251101336	KS
Q504U8	A8K6Q4_Y914	A8K6Q4	GGDSDYEEEEE	4.838607488279242	0.9977485928705441	9	-0.588893251101336	KS
Q15118	A8K6Q4_Y914	A8K6Q4	GGDSDYEEEEE	2.234895862549619	0.9951219512195122	10	-0.588893251101336	KS
A0A024QZA8	A8K6Q4_Y914	A8K6Q4	GGDSDYEEEEE	5.058730135136041	0.9947467166979362	11	-0.588893251101336	KS
Q13873	A8K6Q4_Y914	A8K6Q4	GGDSDYEEEEE	2.070484944368186	0.9928705440900563	12	-0.588893251101336	KS
B4DSE0	A8K6Q4_Y914	A8K6Q4	GGDSDYEEEEE	3.931708669698982	0.9893058161350844	13	-0.588893251101336	KS
P54753	A8K6Q4_Y914	A8K6Q4	GGDSDYEEEEE	3.282386775436982	0.9844277673545966	14	-0.588893251101336	KS
P54760	A8K6Q4_Y914	A8K6Q4	GGDSDYEEEEE	3.1660075534293233	0.9823639774859287	15	-0.588893251101336	KS
A0A024R8K3	A9CQZ8_S125	A9CQZ8	NEEDSYDEEIH	1.6245849548463869	0.9827392120075047	1	-0.196298257699473	KS
Q15118	A9CQZ8_S125	A9CQZ8	NEEDSYDEEIH	1.6533941214458017	0.9812382739212008	2	-0.196298257699473	KS
Q05397	A9CQZ8_S125	A9CQZ8	NEEDSYDEEIH	2.8811812892716713	0.9544090056285178	3	-0.196298257699473	KS
Q13873	A9CQZ8_S125	A9CQZ8	NEEDSYDEEIH	1.23322590543834	0.9390243902439024	4	-0.196298257699473	KS
A0A024R273	A9CQZ8_S125	A9CQZ8	NEEDSYDEEIH	2.9802811748004094	0.9313320825515947	5	-0.196298257699473	KS
Q15120	B2RAH5_Y901	B2RAH5	SAGDRYDSLLG	1.2853832850104367	0.9658536585365853	1	-1.05268011771638	KS
Q07912	B2RAH5_Y901	B2RAH5	SAGDRYDSLLG	1.7561525041693662	0.9170731707317074	2	-1.05268011771638	KS
B4DV95	B3KVL3_S373	B3KVL3	FSHGSYLVQHQ	0.4391092695913812	0.9131332082551594	1	0.478032289653942	KS
Q6ZWH5	B3KWI2_Y461	B3KWI2	EMKSNYYSFIK	1.9689735868526022	0.9829268292682927	1	0.196737934427016	KS
B4E058	B3KWI2_Y461	B3KWI2	EMKSNYYSFIK	1.8932322468139982	0.974859287054409	2	0.196737934427016	KS
Q16620	B3KWI2_Y461	B3KWI2	EMKSNYYSFIK	2.0650078165993393	0.9726078799249531	3	0.196737934427016	KS
P35916	B3KWI2_Y461	B3KWI2	EMKSNYYSFIK	2.1790575180111995	0.9694183864915572	4	0.196737934427016	KS
P30291	B3KWI2_Y461	B3KWI2	EMKSNYYSFIK	1.76619285454989	0.9673545966228893	5	0.196737934427016	KS
P36888	B3KWI2_Y461	B3KWI2	EMKSNYYSFIK	1.8570997218204506	0.9590994371482177	6	0.196737934427016	KS
O15146	B3KWI2_Y461	B3KWI2	EMKSNYYSFIK	1.6702477646198042	0.9529080675422139	7	0.196737934427016	KS
A0A024RD88	B3KWI2_Y461	B3KWI2	EMKSNYYSFIK	2.046504089288227	0.9448405253283302	8	0.196737934427016	KS
P17948	B3KWI2_Y461	B3KWI2	EMKSNYYSFIK	1.911963959357592	0.9386491557223264	9	0.196737934427016	KS
Q08345	B3KWI2_Y461	B3KWI2	EMKSNYYSFIK	1.2852402852892897	0.9362101313320825	10	0.196737934427016	KS
P06213	B3KWI2_Y461	B3KWI2	EMKSNYYSFIK	1.3931245885576033	0.9360225140712946	11	0.196737934427016	KS
P16234	B3KWI2_Y461	B3KWI2	EMKSNYYSFIK	0.9932813027236257	0.9358348968105066	12	0.196737934427016	KS
P09619	B3KWI2_Y461	B3KWI2	EMKSNYYSFIK	1.3886741485099656	0.9350844277673546	13	0.196737934427016	KS
A0A024R906	B3KWI2_Y461	B3KWI2	EMKSNYYSFIK	1.6771323666912863	0.9285178236397749	14	0.196737934427016	KS
A0A0S2Z3Q6	B3KWI2_Y461	B3KWI2	EMKSNYYSFIK	1.4193642273463836	0.9279549718574108	15	0.196737934427016	KS
P53667	C6EMX8_Y33	C6EMX8	KKQFKYGNQLV	0.7599043811572439	0.9664165103189494	1	-0.119113020431707	KS
Q15569	C6EMX8_Y33	C6EMX8	KKQFKYGNQLV	0.38784175908564383	0.9407129455909944	2	-0.119113020431707	KS
B4DV95	C6EMX8_Y33	C6EMX8	KKQFKYGNQLV	0.48025035183242526	0.924015009380863	3	-0.119113020431707	KS
P17948	E5FQ95_Y147	E5FQ95	YDGKDYIALNE	3.13691181692427	0.9848030018761726	1	-1.27552233038931	KS
A0A024R7M7	E5FQ95_Y147	E5FQ95	YDGKDYIALNE	2.143497444743671	0.9711069418386492	2	-1.27552233038931	KS
P04629	E5FQ95_Y147	E5FQ95	YDGKDYIALNE	2.10206324864001	0.9692307692307692	3	-1.27552233038931	KS
Q13873	E5FQ95_Y147	E5FQ95	YDGKDYIALNE	1.468876466699261	0.9671669793621013	4	-1.27552233038931	KS
P35916	E5FQ95_Y147	E5FQ95	YDGKDYIALNE	2.0757332417918355	0.9664165103189494	5	-1.27552233038931	KS
P21802	E5FQ95_Y147	E5FQ95	YDGKDYIALNE	1.8704675923766507	0.9553470919324578	6	-1.27552233038931	KS
O60674	E5FQ95_Y147	E5FQ95	YDGKDYIALNE	1.5604283253350362	0.9536585365853658	7	-1.27552233038931	KS
B4E058	E5FQ95_Y147	E5FQ95	YDGKDYIALNE	1.5793800268441285	0.9474671669793621	8	-1.27552233038931	KS
A0A0S2Z3Q6	E5FQ95_Y147	E5FQ95	YDGKDYIALNE	1.5840325736535745	0.9427767354596623	9	-1.27552233038931	KS
P54762	E5FQ95_Y147	E5FQ95	YDGKDYIALNE	2.261340630135085	0.9367729831144466	10	-1.27552233038931	KS
Q05397	E5FQ95_Y147	E5FQ95	YDGKDYIALNE	2.4515926561604244	0.9347091932457786	11	-1.27552233038931	KS
A0A024R759	E5FQ95_Y147	E5FQ95	YDGKDYIALNE	2.084925130021419	0.9332082551594747	12	-1.27552233038931	KS
Q96CY4	E5FQ95_Y147	E5FQ95	YDGKDYIALNE	1.785619184014706	0.9302063789868668	13	-1.27552233038931	KS
Q16620	E5FQ95_Y147	E5FQ95	YDGKDYIALNE	1.4023313838848697	0.9296435272045028	14	-1.27552233038931	KS
A0A024RD88	E5FQ95_Y147	E5FQ95	YDGKDYIALNE	1.8019285374684884	0.9232645403377111	15	-1.27552233038931	KS
Q02763	F1T0I1_S1786	F1T0I1	QRTEAYEYAQS	1.807531799575999	0.9388367729831144	1	-0.633599381644524	KS
P16591	F1T0I1_S1786	F1T0I1	QRTEAYEYAQS	1.7480529805839877	0.9116322701688555	2	-0.633599381644524	KS
A0A024R452	F1T0I1_S1786	F1T0I1	QRTEAYEYAQS	2.0604232484331426	0.9099437148217636	3	-0.633599381644524	KS
A0A024R273	J3KMZ8_Y172	J3KMZ8	LDDEDYEEDTP	8.158957246913278	0.999812382739212	1	-1.02704104460981	KS
Q504U8	J3KMZ8_Y172	J3KMZ8	LDDEDYEEDTP	6.012335801381111	0.999624765478424	2	-1.02704104460981	KS
A0A024R452	J3KMZ8_Y172	J3KMZ8	LDDEDYEEDTP	5.305646106283722	0.9994371482176361	3	-1.02704104460981	KS
Q05397	J3KMZ8_Y172	J3KMZ8	LDDEDYEEDTP	6.775847027607454	0.9994371482176361	4	-1.02704104460981	KS
Q13873	J3KMZ8_Y172	J3KMZ8	LDDEDYEEDTP	2.494238549110136	0.9977485928705441	5	-1.02704104460981	KS
B7ZKJ3	J3KMZ8_Y172	J3KMZ8	LDDEDYEEDTP	5.500689570141904	0.9977485928705441	6	-1.02704104460981	KS
A0A024QZA8	J3KMZ8_Y172	J3KMZ8	LDDEDYEEDTP	5.314140027971648	0.9964352720450281	7	-1.02704104460981	KS
Q15303	J3KMZ8_Y172	J3KMZ8	LDDEDYEEDTP	4.753077165371214	0.9960600375234522	8	-1.02704104460981	KS
B4DSE0	J3KMZ8_Y172	J3KMZ8	LDDEDYEEDTP	4.307141248189495	0.9953095684803002	9	-1.02704104460981	KS
A0A024R8K3	J3KMZ8_Y172	J3KMZ8	LDDEDYEEDTP	2.0685713579952894	0.9949343339587242	10	-1.02704104460981	KS
Q15118	J3KMZ8_Y172	J3KMZ8	LDDEDYEEDTP	2.036719391923808	0.9913696060037523	11	-1.02704104460981	KS
A0A140VJJ0	J3KMZ8_Y172	J3KMZ8	LDDEDYEEDTP	3.104210356050137	0.9891181988742964	12	-1.02704104460981	KS
P54762	J3KMZ8_Y172	J3KMZ8	LDDEDYEEDTP	3.2125135788522443	0.9861163227016886	13	-1.02704104460981	KS
P16591	J3KMZ8_Y172	J3KMZ8	LDDEDYEEDTP	2.8912866554860033	0.9861163227016886	14	-1.02704104460981	KS
P43403	J3KMZ8_Y172	J3KMZ8	LDDEDYEEDTP	4.211676464064825	0.9857410881801125	15	-1.02704104460981	KS
Q15120	O00264_Y180	O00264	EEPTVYSDEEE	2.2318354043348254	0.9977485928705441	1	-0.079506222606101	KS
A4D1H4	O00264_Y180	O00264	EEPTVYSDEEE	2.4509549746343167	0.9975609756097561	2	-0.079506222606101	KS
Q15118	O00264_Y180	O00264	EEPTVYSDEEE	2.3560187049951535	0.9964352720450281	3	-0.079506222606101	KS
A0A024R8K3	O00264_Y180	O00264	EEPTVYSDEEE	1.018924945114805	0.9189493433395872	4	-0.079506222606101	KS
Q14289	O00401_Y256	O00401	TSKVIYDFIEK	4.104342487983064	0.9896810506566605	1	0.203459078803533	KS
M0R0W6	O00401_Y256	O00401	TSKVIYDFIEK	2.219638363705378	0.9538461538461539	2	0.203459078803533	KS
A8K3B6	O00401_Y256	O00401	TSKVIYDFIEK	1.8089588182787133	0.9206378986866792	3	0.203459078803533	KS
Q15118	O15173_Y210	O15173	EEPSEYTDEED	3.530231934782126	1	1	0.313528430879413	KS
A4D1H4	O15173_Y210	O15173	EEPSEYTDEED	3.3844142227095206	1	2	0.313528430879413	KS
A0A024R8K3	O15173_Y210	O15173	EEPSEYTDEED	2.4175877542528736	0.99906191369606	3	0.313528430879413	KS
Q15120	O15173_Y210	O15173	EEPSEYTDEED	2.6023413208257584	0.99906191369606	4	0.313528430879413	KS
Q504U8	O15173_Y210	O15173	EEPSEYTDEED	3.5227593039601857	0.9795497185741088	5	0.313528430879413	KS
A0A024R273	O15173_Y210	O15173	EEPSEYTDEED	4.148538318992412	0.975234521575985	6	0.313528430879413	KS
Q13873	O15173_Y210	O15173	EEPSEYTDEED	1.4456740525071248	0.9639774859287055	7	0.313528430879413	KS
P45985	O15173_Y210	O15173	EEPSEYTDEED	1.403510303521454	0.951782363977486	8	0.313528430879413	KS
B4DVP5	O15173_Y210	O15173	EEPSEYTDEED	2.29332045413284	0.9429643527204503	9	0.313528430879413	KS
A8K3B6	O15173_Y210	O15173	EEPSEYTDEED	1.8429721373527064	0.9232645403377111	10	0.313528430879413	KS
P53671	O15234_Y263	O15234	IRKPRYGSPPQ	3.1004701982400733	0.998874296435272	1	-0.00390066719085702	KS
P53667	O15234_Y263	O15234	IRKPRYGSPPQ	1.084726855153441	0.9834896810506567	2	-0.00390066719085702	KS
Q13470	O15234_Y263	O15234	IRKPRYGSPPQ	1.9869433323931578	0.9825515947467167	3	-0.00390066719085702	KS
Q15120	O15234_Y263	O15234	IRKPRYGSPPQ	1.4772025482713997	0.9799249530956848	4	-0.00390066719085702	KS
Q07912	O15234_Y263	O15234	IRKPRYGSPPQ	2.8924617692316743	0.9797373358348969	5	-0.00390066719085702	KS
Q15569	O15234_Y263	O15234	IRKPRYGSPPQ	0.7747198301127239	0.9787992495309569	6	-0.00390066719085702	KS
Q01538	O15234_Y263	O15234	IRKPRYGSPPQ	1.0817684182396388	0.9431519699812383	7	-0.00390066719085702	KS
Q15120	O43166_Y159	O43166	LMPEAYPSSPR	0.9789758268608	0.925703564727955	1	0.887090979382512	KS
Q59H18	O43166_Y159	O43166	LMPEAYPSSPR	1.2768593405379551	0.9193245778611632	2	0.887090979382512	KS
P53671	O43166_Y159	O43166	LMPEAYPSSPR	0.842184906447624	0.9168855534709194	3	0.887090979382512	KS
B4E058	O43193_Y335	O43193	MYFSQYFNIVA	2.261801418338315	0.9902439024390244	1	0.365745274195813	KS
P16234	O43193_Y335	O43193	MYFSQYFNIVA	2.0775366544873037	0.9874296435272045	2	0.365745274195813	KS
Q16620	O43193_Y335	O43193	MYFSQYFNIVA	2.4810760081749237	0.9870544090056285	3	0.365745274195813	KS
P23458	O43193_Y335	O43193	MYFSQYFNIVA	2.654342548955819	0.9812382739212008	4	0.365745274195813	KS
P04626	O43193_Y335	O43193	MYFSQYFNIVA	2.032248751320003	0.9694183864915572	5	0.365745274195813	KS
A0A024R7E4	O43193_Y335	O43193	MYFSQYFNIVA	1.3239320016065057	0.9679174484052533	6	0.365745274195813	KS
Q96CY4	O43193_Y335	O43193	MYFSQYFNIVA	2.2169841120020566	0.9604127579737336	7	0.365745274195813	KS
A0A0S2Z3Q6	O43193_Y335	O43193	MYFSQYFNIVA	1.8104358382075765	0.9600375234521576	8	0.365745274195813	KS
O60674	O43193_Y335	O43193	MYFSQYFNIVA	1.5895323669935615	0.9579737335834897	9	0.365745274195813	KS
O15146	O43193_Y335	O43193	MYFSQYFNIVA	1.5459986536204937	0.9463414634146341	10	0.365745274195813	KS
P04629	O43193_Y335	O43193	MYFSQYFNIVA	1.711114555903616	0.9446529080675422	11	0.365745274195813	KS
P36888	O43193_Y335	O43193	MYFSQYFNIVA	1.655422708584172	0.9435272045028142	12	0.365745274195813	KS
A0A024R7M7	O43193_Y335	O43193	MYFSQYFNIVA	1.6499717587716902	0.9420262664165103	13	0.365745274195813	KS
B4DVP5	O43193_Y335	O43193	MYFSQYFNIVA	2.2267844090365196	0.9390243902439024	14	0.365745274195813	KS
P35916	O43193_Y335	O43193	MYFSQYFNIVA	1.5116906874329856	0.9380863039399625	15	0.365745274195813	KS
P43403	O43865_Y28	O43865	EDAEKYSFMAT	2.661851899279579	0.9296435272045028	1	0.00330531633851372	KS
A8K3B6	O60245_Y677	O60245	AEMSLYIEENN	1.7642958324116405	0.9170731707317074	1	1.35835050543063	KS
B4DVP5	O60245_Y677	O60245	AEMSLYIEENN	1.7964128256750074	0.9091932457786116	2	1.35835050543063	KS
Q504U8	O60245_Y677	O60245	AEMSLYIEENN	1.9810341288666613	0.9056285178236397	3	1.35835050543063	KS
P53667	O60449_Y1542	O60449	SRWIQYKGHCY	0.7036085589298382	0.9630393996247655	1	-0.390774872752575	KS
P53671	O60449_Y1542	O60449	SRWIQYKGHCY	0.9628911909845941	0.9341463414634147	2	-0.390774872752575	KS
Q08345	O60449_Y1542	O60449	SRWIQYKGHCY	1.1171323057173586	0.922889305816135	3	-0.390774872752575	KS
P09769	O60673_Y2448	O60673	AERDEYGSYTM	3.9769732527001898	0.9975609756097561	1	0.0626985178470463	KS
A0A024R8K3	O60673_Y2448	O60673	AERDEYGSYTM	2.0265218365813746	0.9943714821763602	2	0.0626985178470463	KS
P45985	O60673_Y2448	O60673	AERDEYGSYTM	2.020816648314333	0.9936210131332083	3	0.0626985178470463	KS
P12931	O60673_Y2448	O60673	AERDEYGSYTM	4.654770876328771	0.9921200750469044	4	0.0626985178470463	KS
P06241	O60673_Y2448	O60673	AERDEYGSYTM	4.5603388527784325	0.9868667917448405	5	0.0626985178470463	KS
E9PJX5	O60673_Y2448	O60673	AERDEYGSYTM	4.464391334057572	0.9834896810506567	6	0.0626985178470463	KS
P07947	O60673_Y2448	O60673	AERDEYGSYTM	3.64774911374056	0.9829268292682927	7	0.0626985178470463	KS
Q9BXM7	O60673_Y2448	O60673	AERDEYGSYTM	0.885003420960992	0.9699812382739212	8	0.0626985178470463	KS
P08631	O60673_Y2448	O60673	AERDEYGSYTM	2.7987563396173507	0.9673545966228893	9	0.0626985178470463	KS
A0A0S2Z3Y8	O60673_Y2448	O60673	AERDEYGSYTM	3.199251540246017	0.9639774859287055	10	0.0626985178470463	KS
P07948	O60673_Y2448	O60673	AERDEYGSYTM	3.1045595022986943	0.9637898686679175	11	0.0626985178470463	KS
P14616	O60673_Y2448	O60673	AERDEYGSYTM	1.7374706302531397	0.948405253283302	12	0.0626985178470463	KS
Q01538	O60673_Y2448	O60673	AERDEYGSYTM	1.090950643301976	0.9454033771106942	13	0.0626985178470463	KS
P04626	O60673_Y2448	O60673	AERDEYGSYTM	1.4965707038580622	0.9335834896810506	14	0.0626985178470463	KS
P17948	O60673_Y2448	O60673	AERDEYGSYTM	1.7191045944584216	0.926078799249531	15	0.0626985178470463	KS
B4DV95	O94804_Y197	O94804	FIGTPYWMAPE	0.7859710447188959	0.9737335834896811	1	0.0300267544946475	KS
Q15569	O94804_Y197	O94804	FIGTPYWMAPE	0.3816263733626967	0.9392120075046905	2	0.0300267544946475	KS
Q15569	O94979_Y804	O94979	SPKIPYEKQQL	0.7164839631277738	0.974296435272045	1	-0.355754553739988	KS
Q13470	O95202_Y23	O95202	PPPPRYTVPRG	4.063112135275947	0.999812382739212	1	-0.937781839538992	KS
P53671	O95202_Y23	O95202	PPPPRYTVPRG	2.375418396178064	0.9938086303939963	2	-0.937781839538992	KS
Q07912	O95202_Y23	O95202	PPPPRYTVPRG	3.1356971138991767	0.9868667917448405	3	-0.937781839538992	KS
Q15569	O95202_Y23	O95202	PPPPRYTVPRG	0.8328931401733252	0.9819887429643527	4	-0.937781839538992	KS
P53667	O95202_Y23	O95202	PPPPRYTVPRG	0.8304841755231223	0.9707317073170731	5	-0.937781839538992	KS
O60674	O95202_Y23	O95202	PPPPRYTVPRG	1.531731339027116	0.9512195121951219	6	-0.937781839538992	KS
P42684	O95202_Y23	O95202	PPPPRYTVPRG	2.6785972501653266	0.9382739212007505	7	-0.937781839538992	KS
P07333	O95202_Y23	O95202	PPPPRYTVPRG	1.8326473423046454	0.9317073170731708	8	-0.937781839538992	KS
H0YNK6	O95202_Y23	O95202	PPPPRYTVPRG	1.5120215096106122	0.9283302063789869	9	-0.937781839538992	KS
P07949	O95202_Y23	O95202	PPPPRYTVPRG	1.3637325052994247	0.9266416510318949	10	-0.937781839538992	KS
Q15120	O95202_Y23	O95202	PPPPRYTVPRG	0.9559837188453829	0.9219512195121952	11	-0.937781839538992	KS
A0A024R8E2	O95202_Y23	O95202	PPPPRYTVPRG	2.2863003329906695	0.9101313320825516	12	-0.937781839538992	KS
B4E058	O95202_Y23	O95202	PPPPRYTVPRG	1.2625035061603866	0.9097560975609756	13	-0.937781839538992	KS
Q13470	O95425_Y850	O95425	RMNARYQTQPV	1.1713699288344057	0.9384615384615385	1	-0.717555611268395	KS
Q07912	O95425_Y850	O95425	RMNARYQTQPV	1.721507063170673	0.9144465290806755	2	-0.717555611268395	KS
P06213	O95455_Y44	O95455	EDYPNYMIINL	3.9267848048606107	0.998874296435272	1	-0.659842928999712	KS
B6D4Y2	O95455_Y44	O95455	EDYPNYMIINL	3.7998717520912884	0.9984990619136961	2	-0.659842928999712	KS
P54762	O95455_Y44	O95455	EDYPNYMIINL	3.8991793697268	0.997936210131332	3	-0.659842928999712	KS
P14616	O95455_Y44	O95455	EDYPNYMIINL	3.6374867845814016	0.9977485928705441	4	-0.659842928999712	KS
Q16620	O95455_Y44	O95455	EDYPNYMIINL	3.33595142909196	0.9973733583489681	5	-0.659842928999712	KS
P04629	O95455_Y44	O95455	EDYPNYMIINL	3.328556166329169	0.9969981238273922	6	-0.659842928999712	KS
Q96CY4	O95455_Y44	O95455	EDYPNYMIINL	3.7349609809533084	0.9956848030018761	7	-0.659842928999712	KS
P08069	O95455_Y44	O95455	EDYPNYMIINL	3.831664572157747	0.9949343339587242	8	-0.659842928999712	KS
A0A024R906	O95455_Y44	O95455	EDYPNYMIINL	3.8793859965006323	0.9917448405253283	9	-0.659842928999712	KS
Q15375	O95455_Y44	O95455	EDYPNYMIINL	3.9802921897618666	0.9872420262664166	10	-0.659842928999712	KS
A0A140VJJ0	O95455_Y44	O95455	EDYPNYMIINL	3.0088993546807044	0.9868667917448405	11	-0.659842928999712	KS
B4DSE0	O95455_Y44	O95455	EDYPNYMIINL	3.722450701216463	0.9831144465290806	12	-0.659842928999712	KS
P16234	O95455_Y44	O95455	EDYPNYMIINL	1.7491403300513302	0.9778611632270169	13	-0.659842928999712	KS
P07332	O95455_Y44	O95455	EDYPNYMIINL	2.739534052402061	0.9769230769230769	14	-0.659842928999712	KS
P29322	O95455_Y44	O95455	EDYPNYMIINL	3.7574730574275077	0.9765478424015009	15	-0.659842928999712	KS
B4DV95	P00748_Y87	P00748	DQRWGYCLEPK	1.2458429053269762	0.9962476547842402	1	2.63746022499096	KS
P45985	P00748_Y87	P00748	DQRWGYCLEPK	1.887723134849322	0.9896810506566605	2	2.63746022499096	KS
A0A024R8K3	P00748_Y87	P00748	DQRWGYCLEPK	1.56350183698493	0.9795497185741088	3	2.63746022499096	KS
Q9BXM7	P00748_Y87	P00748	DQRWGYCLEPK	0.9393968099019269	0.9737335834896811	4	2.63746022499096	KS
Q13873	P00748_Y87	P00748	DQRWGYCLEPK	1.2371686453869604	0.9401500938086303	5	2.63746022499096	KS
Q15569	P00748_Y87	P00748	DQRWGYCLEPK	0.36345193031440637	0.9371482176360225	6	2.63746022499096	KS
P53671	P06396_Y301	P06396	KLAKLYKVSNG	0.899825440181818	0.925328330206379	1	-0.683604627221472	KS
A0A024R8E2	P10636_Y711	P10636	GAEIVYKSPVV	3.200498944937629	0.9688555347091933	1	0.57585850409146	KS
P42684	P10636_Y711	P10636	GAEIVYKSPVV	2.394172807618286	0.9125703564727955	2	0.57585850409146	KS
Q15120	P11388_Y1521	P11388	KKPIKYLEESD	1.6308920041364188	0.9883677298311445	1	0.124211825564185	KS
A4D1H4	P11388_Y1521	P11388	KKPIKYLEESD	1.3038942989280238	0.94859287054409	2	0.124211825564185	KS
Q15569	P11388_Y1521	P11388	KKPIKYLEESD	0.40905087552567393	0.9452157598499062	3	0.124211825564185	KS
Q07912	P12532_Y72	P12532	LTPAVYARLCD	3.2008086991261187	0.9879924953095685	1	-0.657125759904011	KS
A0A024R8E2	P12532_Y72	P12532	LTPAVYARLCD	2.7642681721386406	0.94859287054409	2	-0.657125759904011	KS
M0R0W6	P12532_Y72	P12532	LTPAVYARLCD	2.071631728783302	0.9393996247654784	3	-0.657125759904011	KS
A0A0S2Z3Y8	P12532_Y72	P12532	LTPAVYARLCD	2.5370141388944685	0.923639774859287	4	-0.657125759904011	KS
P23458	P12532_Y72	P12532	LTPAVYARLCD	1.5826526258042628	0.9202626641651032	5	-0.657125759904011	KS
E9PJX5	P12532_Y72	P12532	LTPAVYARLCD	2.882035907921804	0.9168855534709194	6	-0.657125759904011	KS
P42684	P12532_Y72	P12532	LTPAVYARLCD	2.396793953582473	0.9133208255159475	7	-0.657125759904011	KS
P21709	P12532_Y72	P12532	LTPAVYARLCD	1.639416391117397	0.9112570356472796	8	-0.657125759904011	KS
P42679	P12532_Y72	P12532	LTPAVYARLCD	1.6419141430486137	0.9037523452157599	9	-0.657125759904011	KS
Q59H18	P12532_Y72	P12532	LTPAVYARLCD	1.0861734026232068	0.900375234521576	10	-0.657125759904011	KS
P16234	P13866_Y528	P13866	GVHYLYFAIIL	1.4886028945743603	0.9664165103189494	1	-0.430146979603844	KS
P07332	P13866_Y528	P13866	GVHYLYFAIIL	2.2235798454553293	0.9622889305816135	2	-0.430146979603844	KS
B6D4Y2	P13866_Y528	P13866	GVHYLYFAIIL	2.107574790021736	0.9617260787992495	3	-0.430146979603844	KS
Q08345	P13866_Y528	P13866	GVHYLYFAIIL	1.6029866242373318	0.9566604127579738	4	-0.430146979603844	KS
Q16620	P13866_Y528	P13866	GVHYLYFAIIL	1.6371231396785848	0.9491557223264541	5	-0.430146979603844	KS
P23458	P13866_Y528	P13866	GVHYLYFAIIL	1.9243560375151842	0.9480300187617261	6	-0.430146979603844	KS
Q96CY4	P13866_Y528	P13866	GVHYLYFAIIL	1.9729472508698904	0.9439024390243902	7	-0.430146979603844	KS
O15146	P13866_Y528	P13866	GVHYLYFAIIL	1.424421017787944	0.9371482176360225	8	-0.430146979603844	KS
A0A024R7E4	P13866_Y528	P13866	GVHYLYFAIIL	1.025133802843369	0.9356472795497186	9	-0.430146979603844	KS
Q06187	P13866_Y528	P13866	GVHYLYFAIIL	1.6735336299427321	0.9352720450281425	10	-0.430146979603844	KS
Q07912	P13866_Y528	P13866	GVHYLYFAIIL	1.732146618024826	0.9148217636022514	11	-0.430146979603844	KS
P53667	P14410_Y1554	P14410	GAFYPYSRNHN	1.0925100138716628	0.9838649155722327	1	-0.776410519053034	KS
Q59H18	P14410_Y1554	P14410	GAFYPYSRNHN	2.1346769513182564	0.9718574108818011	2	-0.776410519053034	KS
B4DV95	P14410_Y1554	P14410	GAFYPYSRNHN	0.7284254342763452	0.9677298311444653	3	-0.776410519053034	KS
P53671	P14410_Y1554	P14410	GAFYPYSRNHN	1.0475338901303377	0.9418386491557224	4	-0.776410519053034	KS
Q15569	P14410_Y1554	P14410	GAFYPYSRNHN	0.31489466142351075	0.9288930581613508	5	-0.776410519053034	KS
A0A024R7E4	P14410_Y1554	P14410	GAFYPYSRNHN	0.9355119925863568	0.9219512195121952	6	-0.776410519053034	KS
Q9BXM7	P14410_Y1554	P14410	GAFYPYSRNHN	0.43715465902021683	0.9148217636022514	7	-0.776410519053034	KS
Q02763	P16234_Y273	P16234	SIKLVYTLTVP	1.5341602552424851	0.9196998123827392	1	-0.810590384521255	KS
Q14289	P16234_Y273	P16234	SIKLVYTLTVP	2.3146891077586664	0.9193245778611632	2	-0.810590384521255	KS
A0A024R8E2	P16591_Y42	P16591	KSDKEYASTLQ	2.438893095768177	0.926078799249531	1	0.505079882748996	KS
A0A024R7M7	P16591_Y42	P16591	KSDKEYASTLQ	1.334502270950414	0.9144465290806755	2	0.505079882748996	KS
P45985	P24928_Y1916	P24928	PTSPTYSPTSP	1.217049237165684	0.9285178236397749	1	0.0423007688498132	KS
P53671	P24928_Y1916	P24928	PTSPTYSPTSP	0.8701686597241423	0.9208255159474672	2	0.0423007688498132	KS
Q07912	P24928_Y1916	P24928	PTSPTYSPTSP	1.6807984807043903	0.9103189493433396	3	0.0423007688498132	KS
Q59H18	P25024_Y339	P25024	HRVTSYTSSSV	1.5230447374668525	0.9375234521575985	1	-0.362338986113535	KS
Q15569	P27216_Y291	P27216	KFQEKYQKSLS	0.6416866489090539	0.9692307692307692	1	1.20638577927424	KS
P53667	P27216_Y291	P27216	KFQEKYQKSLS	0.5207116660246838	0.9429643527204503	2	1.20638577927424	KS
A4D1H4	P27216_Y291	P27216	KFQEKYQKSLS	1.0957268136727607	0.9172607879924953	3	1.20638577927424	KS
B4DV95	P27216_Y291	P27216	KFQEKYQKSLS	0.44654964322576846	0.9151969981238274	4	1.20638577927424	KS
P53671	P27216_Y291	P27216	KFQEKYQKSLS	0.7299374684212183	0.9035647279549719	5	1.20638577927424	KS
O15146	P27361_Y204	P27361	GFLTEYVATRW	2.5992580838515607	0.9878048780487805	1	-0.692840310076726	KS
Q59H18	P27361_Y204	P27361	GFLTEYVATRW	2.4997269920471235	0.9831144465290806	2	-0.692840310076726	KS
P23458	P27361_Y204	P27361	GFLTEYVATRW	2.5335128351012637	0.9784240150093808	3	-0.692840310076726	KS
A0A024R7E4	P27361_Y204	P27361	GFLTEYVATRW	1.2734877138886818	0.9632270168855535	4	-0.692840310076726	KS
A0A024R7M7	P27361_Y204	P27361	GFLTEYVATRW	1.7754646317486287	0.9540337711069419	5	-0.692840310076726	KS
O60674	P27361_Y204	P27361	GFLTEYVATRW	1.4811920836387769	0.9478424015009381	6	-0.692840310076726	KS
P16234	P27361_Y204	P27361	GFLTEYVATRW	0.9895863925524878	0.9345215759849906	7	-0.692840310076726	KS
P04626	P27361_Y204	P27361	GFLTEYVATRW	1.3404706836425209	0.9191369606003752	8	-0.692840310076726	KS
P35916	P27361_Y204	P27361	GFLTEYVATRW	1.1649014589556996	0.9140712945590994	9	-0.692840310076726	KS
A0A024RDA0	P27361_Y204	P27361	GFLTEYVATRW	1.5626819801814182	0.9138836772983114	10	-0.692840310076726	KS
P17948	P27361_Y204	P27361	GFLTEYVATRW	1.5082928812773666	0.9090056285178236	11	-0.692840310076726	KS
Q15569	P27361_Y204	P27361	GFLTEYVATRW	0.19023343307480658	0.9054409005628518	12	-0.692840310076726	KS
P09769	P27361_Y204	P27361	GFLTEYVATRW	1.7083100547327519	0.9045028142589118	13	-0.692840310076726	KS
Q6ZWH5	P28066_Y185	P28066	SLQEVYHKSMT	0.9611372326088913	0.9335834896810506	1	0.257125188563107	KS
O15146	P28066_Y185	P28066	SLQEVYHKSMT	1.2170936027776462	0.9189493433395872	2	0.257125188563107	KS
O15146	P28482_Y187	P28482	GFLTEYVATRW	2.5992580838515607	0.9878048780487805	1	-0.756137603287996	KS
Q59H18	P28482_Y187	P28482	GFLTEYVATRW	2.4997269920471235	0.9831144465290806	2	-0.756137603287996	KS
P23458	P28482_Y187	P28482	GFLTEYVATRW	2.5335128351012637	0.9784240150093808	3	-0.756137603287996	KS
A0A024R7E4	P28482_Y187	P28482	GFLTEYVATRW	1.2734877138886818	0.9632270168855535	4	-0.756137603287996	KS
A0A024R7M7	P28482_Y187	P28482	GFLTEYVATRW	1.7754646317486287	0.9540337711069419	5	-0.756137603287996	KS
O60674	P28482_Y187	P28482	GFLTEYVATRW	1.4811920836387769	0.9478424015009381	6	-0.756137603287996	KS
P16234	P28482_Y187	P28482	GFLTEYVATRW	0.9895863925524878	0.9345215759849906	7	-0.756137603287996	KS
P04626	P28482_Y187	P28482	GFLTEYVATRW	1.3404706836425209	0.9191369606003752	8	-0.756137603287996	KS
P35916	P28482_Y187	P28482	GFLTEYVATRW	1.1649014589556996	0.9140712945590994	9	-0.756137603287996	KS
A0A024RDA0	P28482_Y187	P28482	GFLTEYVATRW	1.5626819801814182	0.9138836772983114	10	-0.756137603287996	KS
P17948	P28482_Y187	P28482	GFLTEYVATRW	1.5082928812773666	0.9090056285178236	11	-0.756137603287996	KS
Q15569	P28482_Y187	P28482	GFLTEYVATRW	0.19023343307480658	0.9054409005628518	12	-0.756137603287996	KS
P09769	P28482_Y187	P28482	GFLTEYVATRW	1.7083100547327519	0.9045028142589118	13	-0.756137603287996	KS
P07949	P28749_Y986	P28749	QQHSIYISPHK	2.591525936779126	0.9975609756097561	1	-2.61564222613642	KS
Q08881	P28749_Y986	P28749	QQHSIYISPHK	3.613176418642501	0.9915572232645403	2	-2.61564222613642	KS
B4E058	P28749_Y986	P28749	QQHSIYISPHK	2.269250184474089	0.9904315196998124	3	-2.61564222613642	KS
P42680	P28749_Y986	P28749	QQHSIYISPHK	3.9260310404348417	0.9879924953095685	4	-2.61564222613642	KS
P21709	P28749_Y986	P28749	QQHSIYISPHK	2.9718975807144044	0.9834896810506567	5	-2.61564222613642	KS
P42679	P28749_Y986	P28749	QQHSIYISPHK	2.7696447600824983	0.9782363977485928	6	-2.61564222613642	KS
P42684	P28749_Y986	P28749	QQHSIYISPHK	3.2913228226781603	0.974859287054409	7	-2.61564222613642	KS
O60674	P28749_Y986	P28749	QQHSIYISPHK	1.7564083128114705	0.9707317073170731	8	-2.61564222613642	KS
M0R0W6	P28749_Y986	P28749	QQHSIYISPHK	2.4086042079485734	0.9654784240150094	9	-2.61564222613642	KS
A0A024R8E2	P28749_Y986	P28749	QQHSIYISPHK	3.1243397456850075	0.9652908067542214	10	-2.61564222613642	KS
O15146	P28749_Y986	P28749	QQHSIYISPHK	1.7753460922978876	0.9587242026266416	11	-2.61564222613642	KS
P23458	P28749_Y986	P28749	QQHSIYISPHK	2.0966256222952735	0.9572232645403377	12	-2.61564222613642	KS
P16234	P28749_Y986	P28749	QQHSIYISPHK	1.2608957861710293	0.9549718574108818	13	-2.61564222613642	KS
Q13882	P28749_Y986	P28749	QQHSIYISPHK	1.7611590729569069	0.9527204502814259	14	-2.61564222613642	KS
A0A024R759	P28749_Y986	P28749	QQHSIYISPHK	2.3367657556445374	0.9521575984990619	15	-2.61564222613642	KS
P07333	P41236_Y75	P41236	EPSTPYHSMMG	2.8661385982387824	0.9915572232645403	1	0.225749688418856	KS
Q6ZWH5	P41236_Y75	P41236	EPSTPYHSMMG	2.071649901069302	0.9857410881801125	2	0.225749688418856	KS
P23458	P41236_Y75	P41236	EPSTPYHSMMG	2.3058714506838327	0.9690431519699813	3	0.225749688418856	KS
A0A024R7E4	P41236_Y75	P41236	EPSTPYHSMMG	1.3380127311007946	0.9690431519699813	4	0.225749688418856	KS
O60674	P41236_Y75	P41236	EPSTPYHSMMG	1.698005878542979	0.9666041275797373	5	0.225749688418856	KS
Q96CY4	P41236_Y75	P41236	EPSTPYHSMMG	2.2485019346086776	0.9607879924953096	6	0.225749688418856	KS
P06213	P41236_Y75	P41236	EPSTPYHSMMG	1.7269479068848077	0.9589118198874297	7	0.225749688418856	KS
P43403	P41236_Y75	P41236	EPSTPYHSMMG	3.202922238491782	0.9566604127579738	8	0.225749688418856	KS
A0A0S2Z3Q6	P41236_Y75	P41236	EPSTPYHSMMG	1.62878037818119	0.9457786116322702	9	0.225749688418856	KS
P08922	P41236_Y75	P41236	EPSTPYHSMMG	1.597841733693364	0.9365853658536586	10	0.225749688418856	KS
P22607	P41236_Y75	P41236	EPSTPYHSMMG	1.6736110836117046	0.9343339587242027	11	0.225749688418856	KS
P14616	P41236_Y75	P41236	EPSTPYHSMMG	1.4831185938583809	0.9287054409005628	12	0.225749688418856	KS
P21802	P41236_Y75	P41236	EPSTPYHSMMG	1.4563487243740092	0.924765478424015	13	0.225749688418856	KS
Q15120	P41236_Y75	P41236	EPSTPYHSMMG	0.9734442582853654	0.924577861163227	14	0.225749688418856	KS
P07949	P41236_Y75	P41236	EPSTPYHSMMG	1.3163472305185009	0.9200750469043152	15	0.225749688418856	KS
P53671	P46109_Y105	P46109	EPAPRYPSPPM	1.6824488047909243	0.9787992495309569	1	0.977076509643654	KS
Q15120	P46109_Y105	P46109	EPAPRYPSPPM	1.1010626056046304	0.9405253283302064	2	0.977076509643654	KS
Q13470	P46109_Y105	P46109	EPAPRYPSPPM	0.9372975810971654	0.9153846153846154	3	0.977076509643654	KS
Q59H18	P49841_Y216	P49841	EPNVSYICSRY	2.355722216331778	0.9812382739212008	1	-0.274283390307501	KS
A0A024R7E4	P49841_Y216	P49841	EPNVSYICSRY	1.1217217085705928	0.94953095684803	2	-0.274283390307501	KS
Q01538	P50395_Y349	P50395	AAQGKYIAIVS	1.3808886888988507	0.9711069418386492	1	-3.15541568352747	KS
B4E058	P50395_Y349	P50395	AAQGKYIAIVS	1.7924815283348339	0.9679174484052533	2	-3.15541568352747	KS
Q07912	P50395_Y349	P50395	AAQGKYIAIVS	2.2195824835090017	0.950844277673546	3	-3.15541568352747	KS
Q13470	P50395_Y349	P50395	AAQGKYIAIVS	1.2019781644535696	0.9409005628517824	4	-3.15541568352747	KS
O60674	P50395_Y349	P50395	AAQGKYIAIVS	1.3879455297030139	0.9360225140712946	5	-3.15541568352747	KS
P30291	P50549_Y211	P50549	EGRPMYQRQMS	1.1647868863482846	0.9384615384615385	1	-0.789783397325497	KS
B4DV95	P50549_Y211	P50549	EGRPMYQRQMS	0.4974526600774006	0.9281425891181989	2	-0.789783397325497	KS
Q9BXM7	P50549_Y211	P50549	EGRPMYQRQMS	0.35939270372520016	0.901313320825516	3	-0.789783397325497	KS
P36888	P50549_Y211	P50549	EGRPMYQRQMS	1.195909757123748	0.901125703564728	4	-0.789783397325497	KS
Q6ZWH5	P50549_Y211	P50549	EGRPMYQRQMS	0.5967384726754749	0.90093808630394	5	-0.789783397325497	KS
P53671	P50549_Y211	P50549	EGRPMYQRQMS	0.7042507513238784	0.9	6	-0.789783397325497	KS
P21802	P52298_Y14	P52298	LRSDSYVELSQ	1.8361303527136228	0.9542213883677299	1	-1.03633890225405	KS
P35916	P52298_Y14	P52298	LRSDSYVELSQ	1.5477238139045326	0.9401500938086303	2	-1.03633890225405	KS
P22607	P52298_Y14	P52298	LRSDSYVELSQ	1.6731316297880594	0.9341463414634147	3	-1.03633890225405	KS
A0A024R906	P52298_Y14	P52298	LRSDSYVELSQ	1.6699349018651009	0.9283302063789869	4	-1.03633890225405	KS
A0A024R7M7	P52298_Y14	P52298	LRSDSYVELSQ	1.4784428143692057	0.9272045028142589	5	-1.03633890225405	KS
P06213	P52298_Y14	P52298	LRSDSYVELSQ	1.2911239722290575	0.927016885553471	6	-1.03633890225405	KS
A0A0S2Z3Q6	P52298_Y14	P52298	LRSDSYVELSQ	1.3416236065951914	0.9198874296435272	7	-1.03633890225405	KS
P09619	P52298_Y14	P52298	LRSDSYVELSQ	1.232814597059889	0.9187617260787992	8	-1.03633890225405	KS
Q504U8	P52298_Y14	P52298	LRSDSYVELSQ	2.1009334699814017	0.9146341463414634	9	-1.03633890225405	KS
Q16620	P52298_Y14	P52298	LRSDSYVELSQ	1.2316014770346255	0.9135084427767355	10	-1.03633890225405	KS
Q15303	P52298_Y14	P52298	LRSDSYVELSQ	2.0735783750433483	0.9101313320825516	11	-1.03633890225405	KS
Q59H18	P52943_Y196	P52943	GAVGSYIYDRD	1.9653132814155134	0.9645403377110694	1	1.20113108373623	KS
B4DV95	P52943_Y196	P52943	GAVGSYIYDRD	0.39890982543003617	0.9024390243902439	2	1.20113108373623	KS
P53671	P54578_Y136	P54578	DALKRYAGALR	1.7753604037253112	0.9816135084427767	1	0.538519115162655	KS
A0A024R906	P55081_Y47	P55081	GKRPDYAPMES	4.972458992142917	0.99812382739212	1	-0.725779387159118	KS
P06213	P55081_Y47	P55081	GKRPDYAPMES	2.645024732058216	0.9887429643527205	2	-0.725779387159118	KS
P54760	P55081_Y47	P55081	GKRPDYAPMES	3.405826389765429	0.9881801125703564	3	-0.725779387159118	KS
P14616	P55081_Y47	P55081	GKRPDYAPMES	2.679936602189556	0.9874296435272045	4	-0.725779387159118	KS
P45985	P55081_Y47	P55081	GKRPDYAPMES	1.7311130704224635	0.9825515947467167	5	-0.725779387159118	KS
P08069	P55081_Y47	P55081	GKRPDYAPMES	2.5805470085784905	0.9780487804878049	6	-0.725779387159118	KS
P21802	P55081_Y47	P55081	GKRPDYAPMES	2.320667062982584	0.9765478424015009	7	-0.725779387159118	KS
P29376	P55081_Y47	P55081	GKRPDYAPMES	2.5227924776698685	0.9705440900562852	8	-0.725779387159118	KS
Q08345	P55081_Y47	P55081	GKRPDYAPMES	1.9723725863318515	0.9692307692307692	9	-0.725779387159118	KS
A0A024R7M7	P55081_Y47	P55081	GKRPDYAPMES	2.0895826354755265	0.9673545966228893	10	-0.725779387159118	KS
Q15118	P55081_Y47	P55081	GKRPDYAPMES	1.2950715946289015	0.9594746716697936	11	-0.725779387159118	KS
Q15120	P55081_Y47	P55081	GKRPDYAPMES	1.2181338953245089	0.9581613508442777	12	-0.725779387159118	KS
Q05397	P55081_Y47	P55081	GKRPDYAPMES	2.8757150746795705	0.9542213883677299	13	-0.725779387159118	KS
P54753	P55081_Y47	P55081	GKRPDYAPMES	2.6159530388753716	0.9519699812382739	14	-0.725779387159118	KS
P08922	P55081_Y47	P55081	GKRPDYAPMES	1.700852895671862	0.9512195121951219	15	-0.725779387159118	KS
A4D1H4	P55160_Y1026	P55160	IEKDGYNNNIH	1.160125680626744	0.9285178236397749	1	-0.579439567228736	KS
B6D4Y2	P62899_Y103	P62899	SPNKLYTLVTY	3.658189559516319	0.997936210131332	1	-1.79010837985154	KS
A0A024R906	P62899_Y103	P62899	SPNKLYTLVTY	4.6834700674845156	0.9977485928705441	2	-1.79010837985154	KS
Q08345	P62899_Y103	P62899	SPNKLYTLVTY	2.9953877728344436	0.9924953095684803	3	-1.79010837985154	KS
P08922	P62899_Y103	P62899	SPNKLYTLVTY	2.4156704200527432	0.9921200750469044	4	-1.79010837985154	KS
H0YNK6	P62899_Y103	P62899	SPNKLYTLVTY	2.2888589756702875	0.9844277673545966	5	-1.79010837985154	KS
P29376	P62899_Y103	P62899	SPNKLYTLVTY	2.9277202855032156	0.9842401500938086	6	-1.79010837985154	KS
P07332	P62899_Y103	P62899	SPNKLYTLVTY	2.8731289406359277	0.9784240150093808	7	-1.79010837985154	KS
Q07912	P62899_Y103	P62899	SPNKLYTLVTY	2.6020016335054805	0.9716697936210131	8	-1.79010837985154	KS
M0R0W6	P62899_Y103	P62899	SPNKLYTLVTY	2.4238731778238725	0.9666041275797373	9	-1.79010837985154	KS
P51813	P62899_Y103	P62899	SPNKLYTLVTY	2.956456943153923	0.9662288930581614	10	-1.79010837985154	KS
P14616	P62899_Y103	P62899	SPNKLYTLVTY	2.006146145325107	0.9645403377110694	11	-1.79010837985154	KS
P21709	P62899_Y103	P62899	SPNKLYTLVTY	2.3239936420670686	0.9604127579737336	12	-1.79010837985154	KS
P16234	P62899_Y103	P62899	SPNKLYTLVTY	1.2741505533959057	0.9559099437148217	13	-1.79010837985154	KS
Q13470	P62899_Y103	P62899	SPNKLYTLVTY	1.421472468229451	0.9559099437148217	14	-1.79010837985154	KS
Q14289	P62899_Y103	P62899	SPNKLYTLVTY	2.630927170887661	0.9377110694183864	15	-1.79010837985154	KS
A4D1H4	P67809_Y162	P67809	NYQQNYQNSES	2.0622287808293365	0.9917448405253283	1	-1.39348572013401	KS
P04629	P67809_Y162	P67809	NYQQNYQNSES	1.5379519548563247	0.9332082551594747	2	-1.39348572013401	KS
A0A140VJJ0	P67809_Y162	P67809	NYQQNYQNSES	1.6310011192752214	0.9142589118198874	3	-1.39348572013401	KS
A0A024R8K3	P67809_Y162	P67809	NYQQNYQNSES	0.9564358602584869	0.9073170731707317	4	-1.39348572013401	KS
P53671	P67809_Y208	P67809	GRRPQYSNPPV	1.7046585334691629	0.9797373358348969	1	-2.85534708608393	KS
Q15569	P67809_Y208	P67809	GRRPQYSNPPV	0.7537166568144613	0.9771106941838649	2	-2.85534708608393	KS
Q13470	P67809_Y208	P67809	GRRPQYSNPPV	1.7683619211919404	0.974859287054409	3	-2.85534708608393	KS
Q07912	P67809_Y208	P67809	GRRPQYSNPPV	2.5618795433245283	0.9707317073170731	4	-2.85534708608393	KS
P45985	P67809_Y208	P67809	GRRPQYSNPPV	1.2852689950127723	0.9407129455909944	5	-2.85534708608393	KS
Q6ZWH5	P67809_Y208	P67809	GRRPQYSNPPV	0.7824716487217919	0.9180112570356472	6	-2.85534708608393	KS
P07949	P67809_Y208	P67809	GRRPQYSNPPV	1.296918456962903	0.9163227016885553	7	-2.85534708608393	KS
P21802	P68363_Y282	P68363	SAEKAYHEQLS	1.5715313218121514	0.9347091932457786	1	-0.0274465349223583	KS
Q6ZWH5	P68363_Y282	P68363	SAEKAYHEQLS	0.8820050168223892	0.9279549718574108	2	-0.0274465349223583	KS
P22607	P68363_Y282	P68363	SAEKAYHEQLS	1.3547606200227733	0.9050656660412758	3	-0.0274465349223583	KS
P53667	P84157_Y143	P84157	GFSFKYSPGKL	0.5374249501242814	0.9455909943714822	1	0.880088278851289	KS
P53671	P84157_Y143	P84157	GFSFKYSPGKL	0.9463821636099012	0.9324577861163227	2	0.880088278851289	KS
P30291	Q01968_Y513	Q01968	VNQLNYRSHME	0.8632368544940179	0.9172607879924953	1	-0.626875006753114	KS
A0A024R906	Q02846_Y746	Q02846	CRSAPYAMLEL	4.785726619494933	0.9977485928705441	1	-0.383086407674064	KS
P06213	Q02846_Y746	Q02846	CRSAPYAMLEL	2.6558833093181557	0.9891181988742964	2	-0.383086407674064	KS
Q07912	Q02846_Y746	Q02846	CRSAPYAMLEL	3.205791782915661	0.9879924953095685	3	-0.383086407674064	KS
Q08345	Q02846_Y746	Q02846	CRSAPYAMLEL	2.5559658221596595	0.9876172607879925	4	-0.383086407674064	KS
P08069	Q02846_Y746	Q02846	CRSAPYAMLEL	2.762886908536156	0.9819887429643527	5	-0.383086407674064	KS
Q13470	Q02846_Y746	Q02846	CRSAPYAMLEL	1.6813496023527044	0.9722326454033771	6	-0.383086407674064	KS
B6D4Y2	Q02846_Y746	Q02846	CRSAPYAMLEL	2.2544261266681036	0.9686679174484053	7	-0.383086407674064	KS
P14616	Q02846_Y746	Q02846	CRSAPYAMLEL	1.9477606164936587	0.9619136960600375	8	-0.383086407674064	KS
P29376	Q02846_Y746	Q02846	CRSAPYAMLEL	2.357080151626086	0.9600375234521576	9	-0.383086407674064	KS
P04629	Q02846_Y746	Q02846	CRSAPYAMLEL	1.7884418310312185	0.951782363977486	10	-0.383086407674064	KS
Q96CY4	Q02846_Y746	Q02846	CRSAPYAMLEL	1.9811567657409506	0.9444652908067542	11	-0.383086407674064	KS
P21802	Q02846_Y746	Q02846	CRSAPYAMLEL	1.3470754575222488	0.9118198874296435	12	-0.383086407674064	KS
Q01538	Q03112_Y64	Q03112	KEGSPYKAPIY	1.0764932186375173	0.9425891181988743	1	0.934622132782788	KS
P53667	Q03112_Y64	Q03112	KEGSPYKAPIY	0.38508787955509977	0.9183864915572233	2	0.934622132782788	KS
Q08345	Q03112_Y64	Q03112	KEGSPYKAPIY	1.0099877091769014	0.9127579737335835	3	0.934622132782788	KS
P53671	Q03112_Y64	Q03112	KEGSPYKAPIY	0.7626735280953072	0.9078799249530957	4	0.934622132782788	KS
P09619	Q07912_Y284	Q07912	QNDDHYVMQEH	2.570138373960727	0.9894934333958724	1	0.204304268844707	KS
Q504U8	Q07912_Y284	Q07912	QNDDHYVMQEH	3.3730600083172226	0.975234521575985	2	0.204304268844707	KS
P04629	Q07912_Y284	Q07912	QNDDHYVMQEH	2.1973366669915007	0.973358348968105	3	0.204304268844707	KS
P22607	Q07912_Y284	Q07912	QNDDHYVMQEH	2.243368723390157	0.9690431519699813	4	0.204304268844707	KS
Q13882	Q07912_Y284	Q07912	QNDDHYVMQEH	1.8469212375316602	0.9581613508442777	5	0.204304268844707	KS
P21802	Q07912_Y284	Q07912	QNDDHYVMQEH	1.8357534502217632	0.9540337711069419	6	0.204304268844707	KS
P04626	Q07912_Y284	Q07912	QNDDHYVMQEH	1.6724910267732784	0.9469043151969981	7	0.204304268844707	KS
P14616	Q07912_Y284	Q07912	QNDDHYVMQEH	1.684824329810835	0.9437148217636022	8	0.204304268844707	KS
P36888	Q07912_Y284	Q07912	QNDDHYVMQEH	1.5917422944162478	0.9392120075046905	9	0.204304268844707	KS
P08069	Q07912_Y284	Q07912	QNDDHYVMQEH	1.636581777988685	0.9382739212007505	10	0.204304268844707	KS
P35916	Q07912_Y284	Q07912	QNDDHYVMQEH	1.3714345282910845	0.9300187617260788	11	0.204304268844707	KS
Q16620	Q07912_Y284	Q07912	QNDDHYVMQEH	1.3755089232238895	0.9279549718574108	12	0.204304268844707	KS
P17948	Q07912_Y284	Q07912	QNDDHYVMQEH	1.7033850856559964	0.924953095684803	13	0.204304268844707	KS
B4DVP5	Q07912_Y284	Q07912	QNDDHYVMQEH	1.8167790355386224	0.9108818011257036	14	0.204304268844707	KS
P06213	Q07912_Y284	Q07912	QNDDHYVMQEH	1.0846747889028137	0.9041275797373358	15	0.204304268844707	KS
A0A024R8E2	Q07912_Y827	Q07912	ASDPKYATPQV	2.997560611409389	0.9596622889305816	1	0.146582348137475	KS
P42684	Q07912_Y827	Q07912	ASDPKYATPQV	2.5926263519465853	0.9317073170731708	2	0.146582348137475	KS
Q13470	Q07912_Y827	Q07912	ASDPKYATPQV	1.0362999445967644	0.924577861163227	3	0.146582348137475	KS
Q07912	Q07912_Y827	Q07912	ASDPKYATPQV	1.8044143877714358	0.9221388367729831	4	0.146582348137475	KS
P30291	Q08J23_Y262	Q08J23	KEILFYDRILC	1.1628707217049732	0.9380863039399625	1	0.896783664040491	KS
Q9BXM7	Q08J23_Y262	Q08J23	KEILFYDRILC	0.5008461169494377	0.923827392120075	2	0.896783664040491	KS
Q06187	Q08J23_Y262	Q08J23	KEILFYDRILC	1.5006478677218105	0.9232645403377111	3	0.896783664040491	KS
Q12866	Q13480_Y285	Q13480	ADGELYVFNTP	4.07753395858326	0.9954971857410881	1	-0.0186943433939035	KS
Q08881	Q13480_Y285	Q13480	ADGELYVFNTP	3.8666345632624166	0.9953095684803002	2	-0.0186943433939035	KS
P42681	Q13480_Y285	Q13480	ADGELYVFNTP	4.988520873564612	0.9953095684803002	3	-0.0186943433939035	KS
Q06187	Q13480_Y285	Q13480	ADGELYVFNTP	2.762888167043674	0.9883677298311445	4	-0.0186943433939035	KS
P16591	Q13480_Y285	Q13480	ADGELYVFNTP	2.6343981846426847	0.9759849906191369	5	-0.0186943433939035	KS
Q504U8	Q13480_Y285	Q13480	ADGELYVFNTP	3.3842350019414447	0.975609756097561	6	-0.0186943433939035	KS
P51813	Q13480_Y285	Q13480	ADGELYVFNTP	2.9985450677543675	0.9677298311444653	7	-0.0186943433939035	KS
Q02763	Q13480_Y285	Q13480	ADGELYVFNTP	2.3813364445125806	0.9664165103189494	8	-0.0186943433939035	KS
P04626	Q13480_Y285	Q13480	ADGELYVFNTP	1.909106530116224	0.9628517823639775	9	-0.0186943433939035	KS
H0YNK6	Q13480_Y285	Q13480	ADGELYVFNTP	1.8212162010178023	0.9572232645403377	10	-0.0186943433939035	KS
Q13882	Q13480_Y285	Q13480	ADGELYVFNTP	1.8078097652655307	0.9553470919324578	11	-0.0186943433939035	KS
P09619	Q13480_Y285	Q13480	ADGELYVFNTP	1.6227145810654178	0.9523452157598499	12	-0.0186943433939035	KS
Q14289	Q13480_Y285	Q13480	ADGELYVFNTP	2.8683037015481014	0.9491557223264541	13	-0.0186943433939035	KS
P54762	Q13480_Y285	Q13480	ADGELYVFNTP	2.3993217581208928	0.9489681050656661	14	-0.0186943433939035	KS
Q15303	Q13480_Y285	Q13480	ADGELYVFNTP	2.6794941120110223	0.9472795497185741	15	-0.0186943433939035	KS
P45985	Q13541_Y34	Q13541	LPPGDYSTTPG	1.8988300776492293	0.9904315196998124	1	0.963356834924667	KS
O60674	Q13541_Y34	Q13541	LPPGDYSTTPG	1.8681768804467167	0.9767354596622889	2	0.963356834924667	KS
P43403	Q13541_Y34	Q13541	LPPGDYSTTPG	3.6999542448319267	0.9724202626641651	3	0.963356834924667	KS
P07949	Q13541_Y34	Q13541	LPPGDYSTTPG	1.6256404957545816	0.9551594746716698	4	0.963356834924667	KS
Q15120	Q13541_Y34	Q13541	LPPGDYSTTPG	1.1373064320916348	0.9482176360225141	5	0.963356834924667	KS
A4D1H4	Q13541_Y34	Q13541	LPPGDYSTTPG	1.2871063703043462	0.9454033771106942	6	0.963356834924667	KS
P54760	Q13541_Y34	Q13541	LPPGDYSTTPG	2.525592681133431	0.9425891181988743	7	0.963356834924667	KS
P54762	Q13541_Y34	Q13541	LPPGDYSTTPG	2.264820895239079	0.9373358348968105	8	0.963356834924667	KS
P54753	Q13541_Y34	Q13541	LPPGDYSTTPG	2.4208209067379496	0.9371482176360225	9	0.963356834924667	KS
A0A024R7M7	Q13541_Y34	Q13541	LPPGDYSTTPG	1.4912181452869253	0.9285178236397749	10	0.963356834924667	KS
Q96CY4	Q13541_Y34	Q13541	LPPGDYSTTPG	1.6530159058762213	0.9170731707317074	11	0.963356834924667	KS
Q15118	Q13541_Y34	Q13541	LPPGDYSTTPG	0.9338537319665989	0.9101313320825516	12	0.963356834924667	KS
Q59H18	Q13541_Y34	Q13541	LPPGDYSTTPG	1.1815306850274707	0.9090056285178236	13	0.963356834924667	KS
Q59H18	Q13547_Y303	Q13547	LGGGGYTIRNV	1.9825124373478864	0.9656660412757974	1	0.436120450984827	KS
Q01538	Q13547_Y303	Q13547	LGGGGYTIRNV	1.2292954376454417	0.9617260787992495	2	0.436120450984827	KS
Q13470	Q13547_Y303	Q13547	LGGGGYTIRNV	1.2378552137936896	0.9427767354596623	3	0.436120450984827	KS
P30291	Q13547_Y303	Q13547	LGGGGYTIRNV	0.9570375281478338	0.924015009380863	4	0.436120450984827	KS
Q9H3Y6	Q14247_Y421	Q14247	PSSPVYEDAAS	2.7627842612729947	0.9590994371482177	1	-0.460283161574729	KS
A0A024R452	Q14247_Y421	Q14247	PSSPVYEDAAS	2.528111526156873	0.9427767354596623	2	-0.460283161574729	KS
B4DSE0	Q14247_Y421	Q14247	PSSPVYEDAAS	2.5842134480257064	0.9354596622889306	3	-0.460283161574729	KS
Q15120	Q14247_Y421	Q14247	PSSPVYEDAAS	1.0315295529636292	0.9330206378986867	4	-0.460283161574729	KS
A0A0B4J1T8	Q14247_Y421	Q14247	PSSPVYEDAAS	1.784415560736455	0.9148217636022514	5	-0.460283161574729	KS
Q14289	Q14247_Y421	Q14247	PSSPVYEDAAS	2.142443413072851	0.9071294559099438	6	-0.460283161574729	KS
P09769	Q14315_Y1623	Q14315	GDEIPYSPFRI	3.2366120266907945	0.9878048780487805	1	1.27743307545411	KS
P07948	Q14315_Y1623	Q14315	GDEIPYSPFRI	3.440495037005077	0.9737335834896811	2	1.27743307545411	KS
P16591	Q14315_Y1623	Q14315	GDEIPYSPFRI	2.530965607855867	0.9697936210131332	3	1.27743307545411	KS
Q13882	Q14315_Y1623	Q14315	GDEIPYSPFRI	2.0557255554294587	0.9688555347091933	4	1.27743307545411	KS
B6D4Y2	Q14315_Y1623	Q14315	GDEIPYSPFRI	2.246733443375002	0.9681050656660413	5	1.27743307545411	KS
P12931	Q14315_Y1623	Q14315	GDEIPYSPFRI	3.2326190880477284	0.9632270168855535	6	1.27743307545411	KS
P08922	Q14315_Y1623	Q14315	GDEIPYSPFRI	1.703776368489219	0.9512195121951219	7	1.27743307545411	KS
P06241	Q14315_Y1623	Q14315	GDEIPYSPFRI	3.19382914200606	0.9461538461538461	8	1.27743307545411	KS
P36888	Q14315_Y1623	Q14315	GDEIPYSPFRI	1.5101331127542834	0.9313320825515947	9	1.27743307545411	KS
P07947	Q14315_Y1623	Q14315	GDEIPYSPFRI	2.285766924050337	0.9200750469043152	10	1.27743307545411	KS
P07333	Q14315_Y1623	Q14315	GDEIPYSPFRI	1.6243649620267904	0.9091932457786116	11	1.27743307545411	KS
Q01538	Q14315_Y1623	Q14315	GDEIPYSPFRI	0.7873165113917107	0.9082551594746717	12	1.27743307545411	KS
E9PJX5	Q14315_Y1623	Q14315	GDEIPYSPFRI	2.763020566998183	0.9069418386491557	13	1.27743307545411	KS
P06213	Q14315_Y1623	Q14315	GDEIPYSPFRI	1.0831526357173125	0.9035647279549719	14	1.27743307545411	KS
A0A024RDA0	Q14315_Y1623	Q14315	GDEIPYSPFRI	1.4666454277209948	0.9033771106941839	15	1.27743307545411	KS
P53667	Q14498_Y95	Q14498	RFRGRYRSPYS	2.181963958948856	0.999249530956848	1	1.36845065103213	KS
P53671	Q14498_Y95	Q14498	RFRGRYRSPYS	2.98649108246573	0.9983114446529081	2	1.36845065103213	KS
Q13470	Q14498_Y95	Q14498	RFRGRYRSPYS	3.1128122039749155	0.997936210131332	3	1.36845065103213	KS
Q9BXM7	Q14498_Y95	Q14498	RFRGRYRSPYS	1.5647074671563213	0.9956848030018761	4	1.36845065103213	KS
B4DV95	Q14498_Y95	Q14498	RFRGRYRSPYS	1.0590668771525182	0.9921200750469044	5	1.36845065103213	KS
Q15569	Q14498_Y95	Q14498	RFRGRYRSPYS	1.0713665810638013	0.9904315196998124	6	1.36845065103213	KS
Q01538	Q14498_Y95	Q14498	RFRGRYRSPYS	1.884370445750611	0.9900562851782364	7	1.36845065103213	KS
P30291	Q14498_Y95	Q14498	RFRGRYRSPYS	2.166272741832331	0.9786116322701689	8	1.36845065103213	KS
Q6ZWH5	Q14498_Y95	Q14498	RFRGRYRSPYS	0.8263544702097563	0.9225140712945591	9	1.36845065103213	KS
Q07912	Q14498_Y95	Q14498	RFRGRYRSPYS	1.6370939817864631	0.9067542213883677	10	1.36845065103213	KS
P53671	Q14687_Y712	Q14687	KPGSPYRPPVP	2.68897425331792	0.9964352720450281	1	-0.517374536774675	KS
Q15569	Q14687_Y712	Q14687	KPGSPYRPPVP	1.1798189382981432	0.9945590994371483	2	-0.517374536774675	KS
Q13470	Q14687_Y712	Q14687	KPGSPYRPPVP	2.4722504719221416	0.9934333958724203	3	-0.517374536774675	KS
Q01538	Q14687_Y712	Q14687	KPGSPYRPPVP	1.8121945492891423	0.9885553470919325	4	-0.517374536774675	KS
P53667	Q14687_Y712	Q14687	KPGSPYRPPVP	0.6663682682598041	0.9606003752345216	5	-0.517374536774675	KS
P07949	Q14687_Y712	Q14687	KPGSPYRPPVP	1.6305117059022665	0.9559099437148217	6	-0.517374536774675	KS
Q15120	Q14687_Y712	Q14687	KPGSPYRPPVP	1.0485045250540344	0.9363977485928705	7	-0.517374536774675	KS
P30291	Q15413_Y4411	Q15413	LARNFYNLRFL	2.5963653116381167	0.9891181988742964	1	-0.2611141003493	KS
Q9BXM7	Q15413_Y4411	Q15413	LARNFYNLRFL	1.2349728622527258	0.9874296435272045	2	-0.2611141003493	KS
Q08345	Q15413_Y4411	Q15413	LARNFYNLRFL	2.489622770819475	0.9864915572232645	3	-0.2611141003493	KS
P53667	Q15413_Y4411	Q15413	LARNFYNLRFL	0.8847630917696819	0.9739212007504691	4	-0.2611141003493	KS
Q13882	Q15413_Y4411	Q15413	LARNFYNLRFL	2.16267272399603	0.9735459662288931	5	-0.2611141003493	KS
P16234	Q15413_Y4411	Q15413	LARNFYNLRFL	1.2557703905143056	0.9544090056285178	6	-0.2611141003493	KS
O15146	Q15413_Y4411	Q15413	LARNFYNLRFL	1.217503070320858	0.9189493433395872	7	-0.2611141003493	KS
Q01538	Q15942_Y172	Q15942	RVSSGYVPPPV	1.9363269896695838	0.9904315196998124	1	-0.875029002565922	KS
Q59H18	Q15942_Y172	Q15942	RVSSGYVPPPV	1.4964101906396596	0.9360225140712946	2	-0.875029002565922	KS
P45985	Q15942_Y172	Q15942	RVSSGYVPPPV	1.1760721217850278	0.9215759849906191	3	-0.875029002565922	KS
P23458	Q15942_Y172	Q15942	RVSSGYVPPPV	1.517127636370315	0.9153846153846154	4	-0.875029002565922	KS
Q59H18	Q2TAL5_Y449	Q2TAL5	MCVFTYVQSLY	1.467410556710014	0.9348968105065666	1	-1.13349551085395	KS
Q9BXM7	Q5JRA6_Y1569	Q5JRA6	EEVKTYKRRIE	1.2391121965779572	0.9885553470919325	1	0.48210447338686	KS
P30291	Q5JRA6_Y1569	Q5JRA6	EEVKTYKRRIE	2.2620590854175884	0.9823639774859287	2	0.48210447338686	KS
Q15569	Q5T0W9_Y389	Q5T0W9	WKRHSYAGEQP	1.0615069200867373	0.9894934333958724	1	1.15249809863745	KS
Q59H18	Q5T0W9_Y389	Q5T0W9	WKRHSYAGEQP	1.7247547362753963	0.949718574108818	2	1.15249809863745	KS
P45985	Q5T0W9_Y389	Q5T0W9	WKRHSYAGEQP	1.1619541600489605	0.9200750469043152	3	1.15249809863745	KS
P53671	Q5T0W9_Y389	Q5T0W9	WKRHSYAGEQP	0.8668033522920893	0.9198874296435272	4	1.15249809863745	KS
Q9BXM7	Q5T0W9_Y389	Q5T0W9	WKRHSYAGEQP	0.3962669565351957	0.9088180112570357	5	1.15249809863745	KS
Q9BXM7	Q5VT06_Y1535	Q5VT06	SESSGYKNHDR	0.9807191014165972	0.976360225140713	1	0.159350220610428	KS
Q13873	Q5VT06_Y1535	Q5VT06	SESSGYKNHDR	1.3775724044776816	0.9574108818011257	2	0.159350220610428	KS
P30291	Q5VT06_Y1535	Q5VT06	SESSGYKNHDR	1.1856766747704948	0.9401500938086303	3	0.159350220610428	KS
P53667	Q5VT06_Y1535	Q5VT06	SESSGYKNHDR	0.4482947050728581	0.9333958724202627	4	0.159350220610428	KS
B4DV95	Q5VT06_Y1535	Q5VT06	SESSGYKNHDR	0.46714687903330193	0.9206378986866792	5	0.159350220610428	KS
A4D1H4	Q5VT06_Y1535	Q5VT06	SESSGYKNHDR	1.0433375553911866	0.9091932457786116	6	0.159350220610428	KS
P53671	Q5VVW2_Y155	Q5VVW2	KICLPYSPTKT	1.1041778625646224	0.9480300187617261	1	-0.550791130526314	KS
Q15569	Q5VVW2_Y155	Q5VVW2	KICLPYSPTKT	0.18647717784934242	0.9043151969981238	2	-0.550791130526314	KS
P53671	Q5VZ89_S764	Q5VZ89	LAKRCYTNPPQ	2.163601386107337	0.9913696060037523	1	0.0937187520192345	KS
Q15569	Q5VZ89_S764	Q5VZ89	LAKRCYTNPPQ	1.0058137681579025	0.9876172607879925	2	0.0937187520192345	KS
P07949	Q5VZ89_S764	Q5VZ89	LAKRCYTNPPQ	1.2838859967183194	0.9144465290806755	3	0.0937187520192345	KS
Q13470	Q5VZ89_S764	Q5VZ89	LAKRCYTNPPQ	0.8421682692270934	0.9018761726078799	4	0.0937187520192345	KS
Q59H18	Q63HJ5_Y1146	Q63HJ5	KVTAKYIRQAP	2.3357527601573227	0.9801125703564728	1	-0.836762973450735	KS
Q13470	Q63HJ5_Y1146	Q63HJ5	KVTAKYIRQAP	1.0443368623561913	0.924577861163227	2	-0.836762973450735	KS
P53671	Q63HJ5_Y1146	Q63HJ5	KVTAKYIRQAP	0.7199784903666171	0.9024390243902439	3	-0.836762973450735	KS
Q15120	Q68CZ2_Y780	Q68CZ2	LSLGQYDNDAG	1.0760744535190123	0.9392120075046905	1	0.455797015707175	KS
Q08345	Q6DN12_Y859	Q6DN12	VQKVQYAELKL	1.337441657814251	0.9401500938086303	1	-0.752235345751316	KS
Q07912	Q6DN12_Y859	Q6DN12	VQKVQYAELKL	1.8560126257525944	0.925891181988743	2	-0.752235345751316	KS
A0A0B4J1T8	Q6FHY4_Y78	Q6FHY4	HAAKAYEQAGM	1.6983018595658808	0.9035647279549719	1	0.0458902127883309	KS
Q15120	Q6PJT7_Y531	Q6PJT7	PSPPGYMSDQE	1.849481547135912	0.9930581613508442	1	-2.07773044524414	KS
A4D1H4	Q6PJT7_Y531	Q6PJT7	PSPPGYMSDQE	2.012848677479975	0.9902439024390244	2	-2.07773044524414	KS
B4DV95	Q6PJT7_Y531	Q6PJT7	PSPPGYMSDQE	0.8290821368124245	0.9780487804878049	3	-2.07773044524414	KS
Q15118	Q6PJT7_Y531	Q6PJT7	PSPPGYMSDQE	1.580188972281363	0.9780487804878049	4	-2.07773044524414	KS
P08922	Q6PKG0_Y652	Q6PKG0	TQTPHYMRRHP	2.621163996382572	0.9966228893058161	1	0.627979662455118	KS
H0YNK6	Q6PKG0_Y652	Q6PKG0	TQTPHYMRRHP	2.5256863888396763	0.9909943714821764	2	0.627979662455118	KS
Q13470	Q6PKG0_Y652	Q6PKG0	TQTPHYMRRHP	2.2717804483977515	0.9906191369606003	3	0.627979662455118	KS
P16234	Q6PKG0_Y652	Q6PKG0	TQTPHYMRRHP	2.2057026043838763	0.9893058161350844	4	0.627979662455118	KS
P07333	Q6PKG0_Y652	Q6PKG0	TQTPHYMRRHP	2.7283340455434915	0.9876172607879925	5	0.627979662455118	KS
A0A024R7E4	Q6PKG0_Y652	Q6PKG0	TQTPHYMRRHP	1.6730033759933653	0.9876172607879925	6	0.627979662455118	KS
O15146	Q6PKG0_Y652	Q6PKG0	TQTPHYMRRHP	2.568044335858057	0.9864915572232645	7	0.627979662455118	KS
P07949	Q6PKG0_Y652	Q6PKG0	TQTPHYMRRHP	2.116104968662509	0.9857410881801125	8	0.627979662455118	KS
P23458	Q6PKG0_Y652	Q6PKG0	TQTPHYMRRHP	2.399593516955812	0.9726078799249531	9	0.627979662455118	KS
P09619	Q6PKG0_Y652	Q6PKG0	TQTPHYMRRHP	1.9752240479303431	0.9726078799249531	10	0.627979662455118	KS
P53671	Q6PKG0_Y652	Q6PKG0	TQTPHYMRRHP	1.3616625279229324	0.9645403377110694	11	0.627979662455118	KS
P42679	Q6PKG0_Y652	Q6PKG0	TQTPHYMRRHP	2.337119903770817	0.9630393996247655	12	0.627979662455118	KS
P30291	Q6PKG0_Y652	Q6PKG0	TQTPHYMRRHP	1.543733344326597	0.9600375234521576	13	0.627979662455118	KS
Q59H18	Q6PKG0_Y652	Q6PKG0	TQTPHYMRRHP	1.8092699727616934	0.9562851782363978	14	0.627979662455118	KS
B4DV95	Q6PKG0_Y652	Q6PKG0	TQTPHYMRRHP	0.6139571757314167	0.9532833020637899	15	0.627979662455118	KS
P30291	Q6PKG0_Y777	Q6PKG0	PESPNYRNTRT	2.8893374545281088	0.9930581613508442	1	0.263941426185085	KS
P07949	Q6PKG0_Y777	Q6PKG0	PESPNYRNTRT	1.6176335338945216	0.9538461538461539	2	0.263941426185085	KS
A0A024R906	Q6PKG0_Y777	Q6PKG0	PESPNYRNTRT	1.8856319997579136	0.9390243902439024	3	0.263941426185085	KS
Q15569	Q6PKG0_Y777	Q6PKG0	PESPNYRNTRT	0.36093664762656347	0.9371482176360225	4	0.263941426185085	KS
A4D1H4	Q6PKG0_Y777	Q6PKG0	PESPNYRNTRT	1.2076115524307234	0.9345215759849906	5	0.263941426185085	KS
A0A024R759	Q6PKG0_Y777	Q6PKG0	PESPNYRNTRT	2.086614778623065	0.9343339587242027	6	0.263941426185085	KS
P07333	Q6PKG0_Y777	Q6PKG0	PESPNYRNTRT	1.8314335221186602	0.9315196998123827	7	0.263941426185085	KS
P42679	Q6PKG0_Y777	Q6PKG0	PESPNYRNTRT	1.8537779557723575	0.9273921200750469	8	0.263941426185085	KS
A0A024RD88	Q6PKG0_Y777	Q6PKG0	PESPNYRNTRT	1.8488387596779996	0.925891181988743	9	0.263941426185085	KS
Q9BXM7	Q6PKG0_Y777	Q6PKG0	PESPNYRNTRT	0.4894754177231869	0.9223264540337711	10	0.263941426185085	KS
P36888	Q6PKG0_Y777	Q6PKG0	PESPNYRNTRT	1.392165563415543	0.9206378986866792	11	0.263941426185085	KS
P53671	Q6PKG0_Y777	Q6PKG0	PESPNYRNTRT	0.8675533010332354	0.9202626641651032	12	0.263941426185085	KS
P53667	Q6PKG0_Y777	Q6PKG0	PESPNYRNTRT	0.3794109304918501	0.9176360225140713	13	0.263941426185085	KS
A0A024R7M7	Q6PKG0_Y777	Q6PKG0	PESPNYRNTRT	1.2424452163552757	0.9056285178236397	14	0.263941426185085	KS
Q59H18	Q6R327_Y1386	Q6R327	MKALSYASLDK	1.2659410853364061	0.9185741088180113	1	-0.041386371375939	KS
P23458	Q6RSH7_Y80	Q6RSH7	GKLLPYLTLLP	3.489469593692998	0.9964352720450281	1	0.42277006860493	KS
O60674	Q6RSH7_Y80	Q6RSH7	GKLLPYLTLLP	2.038231069025325	0.9851782363977486	2	0.42277006860493	KS
A0A024R7E4	Q6RSH7_Y80	Q6RSH7	GKLLPYLTLLP	1.5666562055466133	0.9823639774859287	3	0.42277006860493	KS
P08922	Q6RSH7_Y80	Q6RSH7	GKLLPYLTLLP	2.0989429921439244	0.9799249530956848	4	0.42277006860493	KS
Q02763	Q6RSH7_Y80	Q6RSH7	GKLLPYLTLLP	2.612961499748525	0.974296435272045	5	0.42277006860493	KS
Q6ZWH5	Q6RSH7_Y80	Q6RSH7	GKLLPYLTLLP	0.7683915416331439	0.9170731707317074	6	0.42277006860493	KS
Q6ZWH5	Q6UUV9_Y60	Q6UUV9	PSRGQYYGGSL	2.349140901260098	0.9908067542213884	1	1.35725836919541	KS
Q9BXM7	Q6ZMV8_Y228	Q6ZMV8	TEKKPYKCKEC	0.8969005580768002	0.9707317073170731	1	0.117522197231352	KS
P53671	Q6ZMV8_Y228	Q6ZMV8	TEKKPYKCKEC	1.156437284913909	0.9527204502814259	2	0.117522197231352	KS
Q15569	Q6ZMV8_Y228	Q6ZMV8	TEKKPYKCKEC	0.35984589867468747	0.9369606003752345	3	0.117522197231352	KS
Q15120	Q6ZRS2_Y1885	Q6ZRS2	PRSPFYLDSLE	1.390741540951967	0.973358348968105	1	-0.385873239935586	KS
Q6ZWH5	Q6ZRS2_Y1885	Q6ZRS2	PRSPFYLDSLE	1.2097752352468611	0.949718574108818	2	-0.385873239935586	KS
B4DV95	Q6ZRS2_Y1885	Q6ZRS2	PRSPFYLDSLE	0.4324063235092254	0.9120075046904316	3	-0.385873239935586	KS
P53667	Q6ZRV2_Y875	Q6ZRV2	SPTSAYPERKG	0.3939997091838422	0.9193245778611632	1	-0.159058631473135	KS
Q15569	Q6ZRV2_Y875	Q6ZRV2	SPTSAYPERKG	0.2409279823659503	0.9150093808630394	2	-0.159058631473135	KS
P53671	Q6ZRV2_Y875	Q6ZRV2	SPTSAYPERKG	0.7128319500954521	0.90093808630394	3	-0.159058631473135	KS
M0R0W6	Q6ZS81_Y145	Q6ZS81	LLKSVYVLTGT	2.3663755649009217	0.9621013133208255	1	0.128713434531273	KS
P23458	Q6ZS81_Y145	Q6ZS81	LLKSVYVLTGT	2.100305674727408	0.9574108818011257	2	0.128713434531273	KS
O60674	Q6ZS81_Y145	Q6ZS81	LLKSVYVLTGT	1.5786738336707307	0.9568480300187617	3	0.128713434531273	KS
Q14289	Q6ZS81_Y145	Q6ZS81	LLKSVYVLTGT	3.0498570917057664	0.9568480300187617	4	0.128713434531273	KS
P16234	Q6ZS81_Y145	Q6ZS81	LLKSVYVLTGT	1.1420780148913026	0.9470919324577861	5	0.128713434531273	KS
A0A0S2Z3Q6	Q6ZS81_Y145	Q6ZS81	LLKSVYVLTGT	1.1866506554218716	0.9024390243902439	6	0.128713434531273	KS
A8K3B6	Q6ZS81_Y145	Q6ZS81	LLKSVYVLTGT	1.5911338263024586	0.9016885553470919	7	0.128713434531273	KS
P07332	Q6ZS81_Y145	Q6ZS81	LLKSVYVLTGT	1.121555936390954	0.9	8	0.128713434531273	KS
Q07912	Q70EL4_Y1107	Q70EL4	FQRVKYHTLSL	2.3490141214685454	0.9602251407129456	1	0.185957171156122	KS
Q13470	Q70EL4_Y1107	Q70EL4	FQRVKYHTLSL	1.1685203830963713	0.9382739212007505	2	0.185957171156122	KS
Q6ZWH5	Q70EL4_Y1107	Q70EL4	FQRVKYHTLSL	0.9791059165555053	0.9350844277673546	3	0.185957171156122	KS
P53667	Q70EL4_Y1107	Q70EL4	FQRVKYHTLSL	0.403001215061187	0.924202626641651	4	0.185957171156122	KS
Q59H18	Q7Z2W4_Y690	Q7Z2W4	FVPQWYVQQMK	2.315837898941852	0.9791744840525328	1	0.0452921999307421	KS
Q6ZWH5	Q7Z2W4_Y690	Q7Z2W4	FVPQWYVQQMK	0.7675739669249927	0.9165103189493433	2	0.0452921999307421	KS
Q08881	Q7Z2W4_Y690	Q7Z2W4	FVPQWYVQQMK	2.0143636121779656	0.9018761726078799	3	0.0452921999307421	KS
Q6ZWH5	Q86U70_Y127	Q86U70	TLIPRYFRSIF	0.7975463110528159	0.9189493433395872	1	-2.1316282072803e-14	KS
Q15120	Q86VX9_S269	Q86VX9	PVYSRYGSEEA	1.0252228796439353	0.9315196998123827	1	0.186103365307414	KS
B4DV95	Q86W56_Y832	Q86W56	LHFRRYLDQFV	0.5510313707904735	0.9427767354596623	1	-1.4856529609475	KS
Q6ZWH5	Q86W56_Y832	Q86W56	LHFRRYLDQFV	0.7037951251477592	0.9088180112570357	2	-1.4856529609475	KS
Q15118	Q86XP3_Y183	Q86XP3	EDNLEYDSDGN	2.280433787562164	0.9958724202626642	1	0.138114341544851	KS
A0A024R8K3	Q86XP3_Y183	Q86XP3	EDNLEYDSDGN	1.4259993719119202	0.9701688555347092	2	0.138114341544851	KS
A4D1H4	Q86XP3_Y183	Q86XP3	EDNLEYDSDGN	1.4959831626427358	0.9660412757973733	3	0.138114341544851	KS
Q15120	Q86XP3_Y183	Q86XP3	EDNLEYDSDGN	1.1286775894305283	0.9461538461538461	4	0.138114341544851	KS
Q13873	Q86XP3_Y183	Q86XP3	EDNLEYDSDGN	1.2475687098120305	0.9414634146341463	5	0.138114341544851	KS
A0A024R273	Q86XP3_Y183	Q86XP3	EDNLEYDSDGN	2.903180053996988	0.9266416510318949	6	0.138114341544851	KS
Q13470	Q86Z02_Y459	Q86Z02	KEARKYIFNCL	1.4267285524606828	0.9562851782363978	1	0.259746984464082	KS
Q9BXM7	Q86Z02_Y459	Q86Z02	KEARKYIFNCL	0.6182155191539945	0.9424015009380863	2	0.259746984464082	KS
B4DV95	Q86Z02_Y459	Q86Z02	KEARKYIFNCL	0.5470374760683319	0.9418386491557224	3	0.259746984464082	KS
Q59H18	Q8IVW8_Y315	Q8IVW8	IRNRSYVFSSL	3.3111980218806436	0.9966228893058161	1	-3.42588321546983	KS
P53667	Q8IVW8_Y315	Q8IVW8	IRNRSYVFSSL	0.9255568402464613	0.975422138836773	2	-3.42588321546983	KS
Q01538	Q8IVW8_Y315	Q8IVW8	IRNRSYVFSSL	1.0646522830956735	0.9414634146341463	3	-3.42588321546983	KS
P09619	Q8IVW8_Y315	Q8IVW8	IRNRSYVFSSL	1.3808416356933175	0.9345215759849906	4	-3.42588321546983	KS
P16234	Q8IVW8_Y315	Q8IVW8	IRNRSYVFSSL	0.8063500566543512	0.9159474671669794	5	-3.42588321546983	KS
A0A024R906	Q8IVW8_Y315	Q8IVW8	IRNRSYVFSSL	1.3355052284028706	0.9097560975609756	6	-3.42588321546983	KS
B4DV95	Q8IVW8_Y315	Q8IVW8	IRNRSYVFSSL	0.3937450379810116	0.901125703564728	7	-3.42588321546983	KS
P07948	Q8IWB9_Y299	Q8IWB9	LSEVIYEPFQL	5.141122722815185	0.9984990619136961	1	0.858814251194492	KS
Q13882	Q8IWB9_Y299	Q8IWB9	LSEVIYEPFQL	3.2154964382675337	0.9962476547842402	2	0.858814251194492	KS
P07332	Q8IWB9_Y299	Q8IWB9	LSEVIYEPFQL	4.098466731152992	0.9956848030018761	3	0.858814251194492	KS
A8K3B6	Q8IWB9_Y299	Q8IWB9	LSEVIYEPFQL	3.554968852551399	0.9945590994371483	4	0.858814251194492	KS
P16591	Q8IWB9_Y299	Q8IWB9	LSEVIYEPFQL	3.309770612949096	0.9941838649155722	5	0.858814251194492	KS
P42685	Q8IWB9_Y299	Q8IWB9	LSEVIYEPFQL	4.272893009552183	0.9934333958724203	6	0.858814251194492	KS
P12931	Q8IWB9_Y299	Q8IWB9	LSEVIYEPFQL	4.823739506623873	0.9932457786116323	7	0.858814251194492	KS
P08631	Q8IWB9_Y299	Q8IWB9	LSEVIYEPFQL	3.5638074281094676	0.9900562851782364	8	0.858814251194492	KS
B6D4Y2	Q8IWB9_Y299	Q8IWB9	LSEVIYEPFQL	2.9919422661951716	0.9896810506566605	9	0.858814251194492	KS
P06241	Q8IWB9_Y299	Q8IWB9	LSEVIYEPFQL	4.716524094694692	0.9891181988742964	10	0.858814251194492	KS
Q9H3Y6	Q8IWB9_Y299	Q8IWB9	LSEVIYEPFQL	3.676982119392815	0.9866791744840525	11	0.858814251194492	KS
Q14289	Q8IWB9_Y299	Q8IWB9	LSEVIYEPFQL	3.827304204478139	0.9827392120075047	12	0.858814251194492	KS
A0A0S2Z3Y8	Q8IWB9_Y299	Q8IWB9	LSEVIYEPFQL	3.414743384093693	0.974108818011257	13	0.858814251194492	KS
Q15303	Q8IWB9_Y299	Q8IWB9	LSEVIYEPFQL	3.428290018370537	0.9735459662288931	14	0.858814251194492	KS
P04626	Q8IWB9_Y299	Q8IWB9	LSEVIYEPFQL	2.080733962537716	0.9722326454033771	15	0.858814251194492	KS
P43403	Q8IZP0_Y213	Q8IZP0	TVPNDYMTSPA	3.198792167076479	0.9566604127579738	1	-0.204144343896999	KS
B4DVP5	Q8IZP0_Y213	Q8IZP0	TVPNDYMTSPA	2.1937549525117044	0.9371482176360225	2	-0.204144343896999	KS
Q96CY4	Q8IZP0_Y213	Q8IZP0	TVPNDYMTSPA	1.7873485256909354	0.9303939962476547	3	-0.204144343896999	KS
A0A024R7M7	Q8IZP0_Y213	Q8IZP0	TVPNDYMTSPA	1.4682598559126931	0.925891181988743	4	-0.204144343896999	KS
P04629	Q8IZP0_Y213	Q8IZP0	TVPNDYMTSPA	1.2287406843003321	0.9069418386491557	5	-0.204144343896999	KS
Q15118	Q8N128_Y69	Q8N128	ETMEEYSTDED	2.4643029773305205	0.9971857410881801	1	0.00653234156975052	KS
A0A024R8K3	Q8N128_Y69	Q8N128	ETMEEYSTDED	1.7951112495519332	0.9896810506566605	2	0.00653234156975052	KS
A0A024R273	Q8N128_Y69	Q8N128	ETMEEYSTDED	2.8332560358693417	0.9223264540337711	3	0.00653234156975052	KS
A4D1H4	Q8N128_Y69	Q8N128	ETMEEYSTDED	1.024202507012832	0.9071294559099438	4	0.00653234156975052	KS
Q13873	Q8N1I0_Y1165	Q8N1I0	ERLLDYRDCMK	1.5992973426429575	0.974484052532833	1	0.626416445619563	KS
P30291	Q8N1I0_Y1165	Q8N1I0	ERLLDYRDCMK	1.5643199654471973	0.9604127579737336	2	0.626416445619563	KS
A4D1H4	Q8N1I0_Y1165	Q8N1I0	ERLLDYRDCMK	1.0287724022557607	0.9073170731707317	3	0.626416445619563	KS
P17948	Q8N1I0_Y1165	Q8N1I0	ERLLDYRDCMK	1.4135596431964659	0.9020637898686679	4	0.626416445619563	KS
P23458	Q8N3T6_Y48	Q8N3T6	SSLPPYLPVSY	3.422324155187728	0.9956848030018761	1	1.25865298932105	KS
P08922	Q8N3T6_Y48	Q8N3T6	SSLPPYLPVSY	1.6733802362672354	0.9465290806754222	2	1.25865298932105	KS
B6D4Y2	Q8N3T6_Y48	Q8N3T6	SSLPPYLPVSY	1.6902677531640344	0.9287054409005628	3	1.25865298932105	KS
P16234	Q8N3T6_Y48	Q8N3T6	SSLPPYLPVSY	0.7359101265872979	0.9048780487804878	4	1.25865298932105	KS
Q15120	Q8N4S9_Y62	Q8N4S9	FGPDFYSSDTE	1.513180166591196	0.9814258911819888	1	-0.403108462530401	KS
A4D1H4	Q8N4S9_Y62	Q8N4S9	FGPDFYSSDTE	1.5038029180585186	0.9666041275797373	2	-0.403108462530401	KS
P45985	Q8N4S9_Y62	Q8N4S9	FGPDFYSSDTE	1.0661160451770906	0.9020637898686679	3	-0.403108462530401	KS
Q13882	Q8N4S9_Y62	Q8N4S9	FGPDFYSSDTE	1.1469852436299892	0.901313320825516	4	-0.403108462530401	KS
A4D1H4	Q8N6T3_Y311	Q8N6T3	SEGHSYQNSGL	1.271310895882925	0.9429643527204503	1	0.342106257484986	KS
A0A024R906	Q8NFH8_Y462	Q8NFH8	PRSRSYSSTSI	3.4285104381255036	0.9874296435272045	1	-0.425190933726425	KS
Q59H18	Q8NFH8_Y462	Q8NFH8	PRSRSYSSTSI	2.3361602686400813	0.9801125703564728	2	-0.425190933726425	KS
P53667	Q8NFH8_Y462	Q8NFH8	PRSRSYSSTSI	0.5277511519680993	0.9437148217636022	3	-0.425190933726425	KS
P42684	Q8TDN6_Y259	Q8TDN6	YENPHYQSPNM	4.08672142531893	0.9917448405253283	1	-0.567647366168377	KS
A0A024R8E2	Q8TDN6_Y259	Q8TDN6	YENPHYQSPNM	3.612428459392189	0.9834896810506567	2	-0.567647366168377	KS
A0A024R759	Q8TDN6_Y259	Q8TDN6	YENPHYQSPNM	2.7092567977933997	0.9735459662288931	3	-0.567647366168377	KS
P42679	Q8TDN6_Y259	Q8TDN6	YENPHYQSPNM	2.2067355244189146	0.9551594746716698	4	-0.567647366168377	KS
A8K3B6	Q8TDN6_Y259	Q8TDN6	YENPHYQSPNM	2.285444015822429	0.9547842401500938	5	-0.567647366168377	KS
P07333	Q8TDN6_Y259	Q8TDN6	YENPHYQSPNM	2.1055062415234835	0.9532833020637899	6	-0.567647366168377	KS
A4D1H4	Q8TDN6_Y259	Q8TDN6	YENPHYQSPNM	1.2976395937909784	0.9470919324577861	7	-0.567647366168377	KS
P16591	Q8TDN6_Y259	Q8TDN6	YENPHYQSPNM	2.02880949624035	0.9397748592870544	8	-0.567647366168377	KS
Q13882	Q8TDN6_Y259	Q8TDN6	YENPHYQSPNM	1.4605830761895766	0.9300187617260788	9	-0.567647366168377	KS
P36888	Q8TDN6_Y259	Q8TDN6	YENPHYQSPNM	1.430526682402704	0.924577861163227	10	-0.567647366168377	KS
P07949	Q8TDN6_Y259	Q8TDN6	YENPHYQSPNM	1.3348542493962978	0.923827392120075	11	-0.567647366168377	KS
A0A024RDA0	Q8TDN6_Y259	Q8TDN6	YENPHYQSPNM	1.572420006459938	0.9150093808630394	12	-0.567647366168377	KS
P43403	Q8TDN6_Y259	Q8TDN6	YENPHYQSPNM	2.3384956585550634	0.9075046904315197	13	-0.567647366168377	KS
P23458	Q8TE73_Y1963	Q8TE73	LTDRCYITLAQ	1.8264294074595877	0.9424015009380863	1	-0.750224587468377	KS
B4E058	Q8TE73_Y1963	Q8TE73	LTDRCYITLAQ	1.3298867405337276	0.9189493433395872	2	-0.750224587468377	KS
O60674	Q8TE73_Y1963	Q8TE73	LTDRCYITLAQ	1.1745004729953812	0.9052532833020638	3	-0.750224587468377	KS
P07333	Q8TEM1_Y1855	Q8TEM1	GHSPHYFAASS	2.2571401309202703	0.9645403377110694	1	-0.424482926528428	KS
Q6ZWH5	Q8TEM1_Y1855	Q8TEM1	GHSPHYFAASS	1.131001480104404	0.9459662288930581	2	-0.424482926528428	KS
A0A024R7M7	Q8TEM1_Y1855	Q8TEM1	GHSPHYFAASS	1.5711619627059343	0.9326454033771107	3	-0.424482926528428	KS
Q13470	Q8TEM1_Y1855	Q8TEM1	GHSPHYFAASS	0.9079382287878238	0.9118198874296435	4	-0.424482926528428	KS
P54762	Q8TEY5_Y113	Q8TEY5	SSPMLYEVVYE	2.969861712416762	0.9776735459662289	1	0.399298305376371	KS
B4DSE0	Q8TEY5_Y113	Q8TEY5	SSPMLYEVVYE	3.168751329352833	0.9656660412757974	2	0.399298305376371	KS
P54753	Q8TEY5_Y113	Q8TEY5	SSPMLYEVVYE	2.862214278083619	0.9652908067542214	3	0.399298305376371	KS
Q9H3Y6	Q8TEY5_Y113	Q8TEY5	SSPMLYEVVYE	2.8268072167563503	0.9626641651031895	4	0.399298305376371	KS
Q15375	Q8TEY5_Y113	Q8TEY5	SSPMLYEVVYE	2.8645202083928787	0.9568480300187617	5	0.399298305376371	KS
P54760	Q8TEY5_Y113	Q8TEY5	SSPMLYEVVYE	2.657599286204317	0.9538461538461539	6	0.399298305376371	KS
P07332	Q8TEY5_Y113	Q8TEY5	SSPMLYEVVYE	1.9614240510300074	0.9519699812382739	7	0.399298305376371	KS
P42685	Q8TEY5_Y113	Q8TEY5	SSPMLYEVVYE	2.6816966963851594	0.9500938086303939	8	0.399298305376371	KS
A0A024R452	Q8TEY5_Y113	Q8TEY5	SSPMLYEVVYE	2.624892633953169	0.948405253283302	9	0.399298305376371	KS
A0A024QZA8	Q8TEY5_Y113	Q8TEY5	SSPMLYEVVYE	2.860817997623706	0.9467166979362102	10	0.399298305376371	KS
Q14289	Q8TEY5_Y113	Q8TEY5	SSPMLYEVVYE	2.790713910731911	0.9461538461538461	11	0.399298305376371	KS
P51813	Q8TEY5_Y113	Q8TEY5	SSPMLYEVVYE	2.4328985002733705	0.9363977485928705	12	0.399298305376371	KS
Q07912	Q8TEY5_Y113	Q8TEY5	SSPMLYEVVYE	1.959561394161797	0.9330206378986867	13	0.399298305376371	KS
P42680	Q8TEY5_Y113	Q8TEY5	SSPMLYEVVYE	2.2098953918902007	0.9206378986866792	14	0.399298305376371	KS
Q12866	Q8TEY5_Y113	Q8TEY5	SSPMLYEVVYE	2.2417703616756537	0.9181988742964353	15	0.399298305376371	KS
Q01538	Q8WZ42_Y24726	Q8WZ42	MAVNKYGVGEP	0.7697958467350708	0.9061913696060038	1	-1.54620984880934	KS
Q08881	Q92538_T1324	Q92538	SDSEVYTDHGR	3.9617927290034656	0.9958724202626642	1	-1.42562272008801	KS
P51813	Q92538_T1324	Q92538	SDSEVYTDHGR	3.2241226206708857	0.975046904315197	2	-1.42562272008801	KS
P42681	Q92538_T1324	Q92538	SDSEVYTDHGR	3.6984587101726887	0.9727954971857411	3	-1.42562272008801	KS
Q15118	Q92538_T1324	Q92538	SDSEVYTDHGR	1.355088597374874	0.9637898686679175	4	-1.42562272008801	KS
P12931	Q92538_T1324	Q92538	SDSEVYTDHGR	2.5234410803721583	0.9302063789868668	5	-1.42562272008801	KS
E9PJX5	Q92538_T1324	Q92538	SDSEVYTDHGR	2.9577637597502116	0.9208255159474672	6	-1.42562272008801	KS
P07947	Q92538_T1324	Q92538	SDSEVYTDHGR	2.2788407745679535	0.9196998123827392	7	-1.42562272008801	KS
P42680	Q92538_T1324	Q92538	SDSEVYTDHGR	2.1448479287793334	0.9159474671669794	8	-1.42562272008801	KS
B4DVP5	Q92538_T1324	Q92538	SDSEVYTDHGR	1.7252669661781743	0.9039399624765478	9	-1.42562272008801	KS
Q504U8	Q92538_T1324	Q92538	SDSEVYTDHGR	1.915046880865543	0.9016885553470919	10	-1.42562272008801	KS
Q9H3Y6	Q92538_T1324	Q92538	SDSEVYTDHGR	2.0433302060403666	0.90093808630394	11	-1.42562272008801	KS
Q6ZWH5	Q92925_Y197	Q92925	RKLRIYISNTF	1.490985407633051	0.9667917448405253	1	-2.22529414445771	KS
Q08345	Q92925_Y197	Q92925	RKLRIYISNTF	1.7595661557920652	0.9628517823639775	2	-2.22529414445771	KS
P07949	Q92925_Y197	Q92925	RKLRIYISNTF	1.5508086665008467	0.94765478424015	3	-2.22529414445771	KS
B6D4Y2	Q92925_Y197	Q92925	RKLRIYISNTF	1.4848790172416733	0.9106941838649155	4	-2.22529414445771	KS
Q59H18	Q92925_Y197	Q92925	RKLRIYISNTF	1.1307447317277883	0.9046904315196999	5	-2.22529414445771	KS
P23458	Q92925_Y197	Q92925	RKLRIYISNTF	1.4103992477262148	0.9043151969981238	6	-2.22529414445771	KS
P42680	Q92925_Y197	Q92925	RKLRIYISNTF	1.9382165011552734	0.9028142589118199	7	-2.22529414445771	KS
P16234	Q92925_Y197	Q92925	RKLRIYISNTF	0.7241442713309395	0.9026266416510319	8	-2.22529414445771	KS
P53667	Q92925_Y197	Q92925	RKLRIYISNTF	0.30762872305113353	0.9024390243902439	9	-2.22529414445771	KS
Q08345	Q969M2_Y157	Q969M2	CLLRTYVLHIL	1.6100484628229021	0.9566604127579738	1	0.213069235179582	KS
P16234	Q969M2_Y157	Q969M2	CLLRTYVLHIL	1.2956310127937352	0.9566604127579738	2	0.213069235179582	KS
Q59H18	Q969M2_Y157	Q969M2	CLLRTYVLHIL	1.4723253871277515	0.9350844277673546	3	0.213069235179582	KS
A0A024R906	Q969M2_Y157	Q969M2	CLLRTYVLHIL	1.564440808499982	0.9221388367729831	4	0.213069235179582	KS
P06213	Q969M2_Y157	Q969M2	CLLRTYVLHIL	1.2568283586434545	0.9219512195121952	5	0.213069235179582	KS
B6D4Y2	Q969M2_Y157	Q969M2	CLLRTYVLHIL	1.476605197801397	0.9091932457786116	6	0.213069235179582	KS
P53671	Q96IF1_Y231	Q96IF1	ESRHSYPPALG	1.0534374899076233	0.9425891181988743	1	-0.834009503513222	KS
A0A0S2Z3Y8	Q96LJ7_Y133	Q96LJ7	YFCSVYGARLM	3.452886966305425	0.974859287054409	1	0.0734978239001602	KS
P30291	Q96LJ7_Y133	Q96LJ7	YFCSVYGARLM	1.9772867880900473	0.973358348968105	2	0.0734978239001602	KS
P08631	Q96LJ7_Y133	Q96LJ7	YFCSVYGARLM	2.662050735746321	0.9613508442776736	3	0.0734978239001602	KS
P12931	Q96LJ7_Y133	Q96LJ7	YFCSVYGARLM	3.1236474189359975	0.9589118198874297	4	0.0734978239001602	KS
Q06187	Q96LJ7_Y133	Q96LJ7	YFCSVYGARLM	1.991925629663584	0.9559099437148217	5	0.0734978239001602	KS
P07948	Q96LJ7_Y133	Q96LJ7	YFCSVYGARLM	2.7063510774046495	0.9472795497185741	6	0.0734978239001602	KS
E9PJX5	Q96LJ7_Y133	Q96LJ7	YFCSVYGARLM	3.236946757077575	0.9369606003752345	7	0.0734978239001602	KS
P09769	Q96LJ7_Y133	Q96LJ7	YFCSVYGARLM	2.0145424343261724	0.9337711069418386	8	0.0734978239001602	KS
P06241	Q96LJ7_Y133	Q96LJ7	YFCSVYGARLM	2.946757403932878	0.9309568480300188	9	0.0734978239001602	KS
O15146	Q96LJ7_Y133	Q96LJ7	YFCSVYGARLM	1.3137860253158111	0.926829268292683	10	0.0734978239001602	KS
Q01538	Q96LJ7_Y133	Q96LJ7	YFCSVYGARLM	0.9111037378663707	0.9227016885553471	11	0.0734978239001602	KS
P53667	Q96LJ7_Y133	Q96LJ7	YFCSVYGARLM	0.35135225028800715	0.9105065666041275	12	0.0734978239001602	KS
P07947	Q96LJ7_Y133	Q96LJ7	YFCSVYGARLM	2.1022044368750694	0.9026266416510319	13	0.0734978239001602	KS
P07948	Q96MH2_Y197	Q96MH2	DFSETYERFHT	4.296288998285183	0.9909943714821764	1	0.446540403107331	KS
P42680	Q96MH2_Y197	Q96MH2	DFSETYERFHT	4.042283551204079	0.9904315196998124	2	0.446540403107331	KS
E9PJX5	Q96MH2_Y197	Q96MH2	DFSETYERFHT	4.590390227517064	0.9851782363977486	3	0.446540403107331	KS
P08631	Q96MH2_Y197	Q96MH2	DFSETYERFHT	3.048444916561029	0.9767354596622889	4	0.446540403107331	KS
P12931	Q96MH2_Y197	Q96MH2	DFSETYERFHT	3.581011363264693	0.973358348968105	5	0.446540403107331	KS
P42685	Q96MH2_Y197	Q96MH2	DFSETYERFHT	3.248425217818133	0.9726078799249531	6	0.446540403107331	KS
P07947	Q96MH2_Y197	Q96MH2	DFSETYERFHT	3.180705615022776	0.9724202626641651	7	0.446540403107331	KS
P06241	Q96MH2_Y197	Q96MH2	DFSETYERFHT	3.9605445112644326	0.9716697936210131	8	0.446540403107331	KS
Q15375	Q96MH2_Y197	Q96MH2	DFSETYERFHT	3.1452064462701075	0.9669793621013133	9	0.446540403107331	KS
Q9H3Y6	Q96MH2_Y197	Q96MH2	DFSETYERFHT	2.8658795803575075	0.9637898686679175	10	0.446540403107331	KS
P16591	Q96MH2_Y197	Q96MH2	DFSETYERFHT	2.334634434565102	0.9585365853658536	11	0.446540403107331	KS
Q15303	Q96MH2_Y197	Q96MH2	DFSETYERFHT	2.8485222709818285	0.9549718574108818	12	0.446540403107331	KS
P09769	Q96MH2_Y197	Q96MH2	DFSETYERFHT	2.2931052772171587	0.9525328330206378	13	0.446540403107331	KS
P29322	Q96MH2_Y197	Q96MH2	DFSETYERFHT	3.019883884467693	0.94953095684803	14	0.446540403107331	KS
A0A0S2Z3Y8	Q96MH2_Y197	Q96MH2	DFSETYERFHT	2.8451414715068273	0.94859287054409	15	0.446540403107331	KS
Q13873	Q96QZ7_Y624	Q96QZ7	NSSHGYPNDTV	1.2600079499980517	0.9431519699812383	1	1.40426249913073	KS
Q15120	Q99501_Y351	Q99501	PRSRRYSGDSD	1.549396350146823	0.9833020637898686	1	0.895971833656791	KS
A4D1H4	Q99501_Y351	Q99501	PRSRRYSGDSD	1.1934324189718906	0.9322701688555347	2	0.895971833656791	KS
Q59H18	Q99569_Y275	Q99569	RAASPYSQRPA	2.291617149504051	0.9784240150093808	1	0.743555322379008	KS
P53671	Q99569_Y275	Q99569	RAASPYSQRPA	1.3307271928104578	0.9626641651031895	2	0.743555322379008	KS
Q15569	Q99569_Y275	Q99569	RAASPYSQRPA	0.5047017865265626	0.9559099437148217	3	0.743555322379008	KS
P53667	Q99569_Y275	Q99569	RAASPYSQRPA	0.41127708214567055	0.9273921200750469	4	0.743555322379008	KS
P09769	Q99569_Y275	Q99569	RAASPYSQRPA	1.9294055249363982	0.925891181988743	5	0.743555322379008	KS
Q01538	Q99569_Y275	Q99569	RAASPYSQRPA	0.821521270357422	0.9125703564727955	6	0.743555322379008	KS
H0YNK6	Q99569_Y275	Q99569	RAASPYSQRPA	1.3517308077896886	0.9103189493433396	7	0.743555322379008	KS
Q59H18	Q99698_Y3650	Q99698	LNRLCYVQSLA	1.133745323982009	0.9046904315196999	1	-0.110798779729588	KS
P04629	Q99959_Y261	Q99959	LEKENYLTAGL	1.3508489535895816	0.9191369606003752	1	0.904278918997996	KS
O60674	Q9BVJ6_Y26	Q9BVJ6	DLPKDYLLSES	1.6282573523258028	0.9600375234521576	1	0.126798598474219	KS
Q15120	Q9BVJ6_Y26	Q9BVJ6	DLPKDYLLSES	1.1596127787372112	0.950844277673546	2	0.126798598474219	KS
Q13873	Q9BVJ6_Y26	Q9BVJ6	DLPKDYLLSES	1.235248724272594	0.9399624765478424	3	0.126798598474219	KS
P08069	Q9BVJ6_Y26	Q9BVJ6	DLPKDYLLSES	1.5276658528601854	0.9315196998123827	4	0.126798598474219	KS
A0A024R7E4	Q9BVJ6_Y26	Q9BVJ6	DLPKDYLLSES	0.8911292616791723	0.9144465290806755	5	0.126798598474219	KS
B4DV95	Q9BXP8_Y666	Q9BXP8	SPKRAYMSVKE	0.8060815948937777	0.9757973733583489	1	1.30759133643985	KS
P23458	Q9BXP8_Y666	Q9BXP8	SPKRAYMSVKE	2.288715589071444	0.9684803001876172	2	1.30759133643985	KS
A0A024R7E4	Q9BXP8_Y666	Q9BXP8	SPKRAYMSVKE	1.1794811146255515	0.9549718574108818	3	1.30759133643985	KS
Q13470	Q9BXP8_Y666	Q9BXP8	SPKRAYMSVKE	1.1246142744842527	0.9350844277673546	4	1.30759133643985	KS
A0A024RD88	Q9BXP8_Y666	Q9BXP8	SPKRAYMSVKE	1.8169138557373816	0.923827392120075	5	1.30759133643985	KS
A0A024R906	Q9BXP8_Y666	Q9BXP8	SPKRAYMSVKE	1.5776715625392486	0.9234521575984991	6	1.30759133643985	KS
B4DV95	Q9H2G2_Y195	Q9H2G2	FIGTPYWMAPE	0.7859710447188959	0.9737335834896811	1	-0.0328320758998739	KS
Q15569	Q9H2G2_Y195	Q9H2G2	FIGTPYWMAPE	0.3816263733626967	0.9392120075046905	2	-0.0328320758998739	KS
P53671	Q9H4A3_Y2276	Q9H4A3	KGHMNYEGPGM	0.8102090647450707	0.9135084427767355	1	1.64876537800996	KS
P54753	Q9H4A3_Y2276	Q9H4A3	KGHMNYEGPGM	2.0001728518700608	0.902251407129456	2	1.64876537800996	KS
Q59H18	Q9H4L4_Y24	Q9H4L4	GIPPAYSSPRR	3.3843912762110895	0.9971857410881801	1	-0.735899842530255	KS
P53671	Q9H4L4_Y24	Q9H4L4	GIPPAYSSPRR	1.894977375067576	0.9840525328330206	2	-0.735899842530255	KS
P42684	Q9H4L4_Y24	Q9H4L4	GIPPAYSSPRR	3.1930414535933505	0.9686679174484053	3	-0.735899842530255	KS
A0A024R8E2	Q9H4L4_Y24	Q9H4L4	GIPPAYSSPRR	2.999246955983527	0.9598499061913696	4	-0.735899842530255	KS
Q15569	Q9H4L4_Y24	Q9H4L4	GIPPAYSSPRR	0.47634885131168747	0.9532833020637899	5	-0.735899842530255	KS
P30291	Q9H4L4_Y24	Q9H4L4	GIPPAYSSPRR	1.1413816500025715	0.9358348968105066	6	-0.735899842530255	KS
P53667	Q9H4L4_Y24	Q9H4L4	GIPPAYSSPRR	0.3781179073769565	0.9174484052532833	7	-0.735899842530255	KS
B4E058	Q9H4L4_Y24	Q9H4L4	GIPPAYSSPRR	1.274890711583979	0.9099437148217636	8	-0.735899842530255	KS
Q15118	Q9H6F5_Y109	Q9H6F5	QRQPEYSPESP	2.1443209803075125	0.9936210131332083	1	-0.562866710792239	KS
A4D1H4	Q9H6F5_Y109	Q9H6F5	QRQPEYSPESP	1.4976575228452822	0.9662288930581614	2	-0.562866710792239	KS
P45985	Q9H6F5_Y109	Q9H6F5	QRQPEYSPESP	1.436797798599866	0.9560975609756097	3	-0.562866710792239	KS
A0A024R8K3	Q9H6F5_Y109	Q9H6F5	QRQPEYSPESP	1.2884075183531591	0.9544090056285178	4	-0.562866710792239	KS
Q15120	Q9H6F5_Y109	Q9H6F5	QRQPEYSPESP	1.1258413689817097	0.9448405253283302	5	-0.562866710792239	KS
A4D1H4	Q9H6F5_Y164	Q9H6F5	GSPEPYPGQQA	1.361626881521296	0.9540337711069419	1	-0.680056267237079	KS
Q15569	Q9H6F5_Y164	Q9H6F5	GSPEPYPGQQA	0.46959567736799923	0.9530956848030019	2	-0.680056267237079	KS
Q6ZWH5	Q9H6P5_Y52	Q9H6P5	HAGAGYHSESK	2.589103766923119	0.9943714821763602	1	0.636979935955045	KS
B4DV95	Q9H6P5_Y52	Q9H6P5	HAGAGYHSESK	1.1233543011515872	0.9936210131332083	2	0.636979935955045	KS
Q01538	Q9H6P5_Y52	Q9H6P5	HAGAGYHSESK	1.304378135040184	0.9675422138836773	3	0.636979935955045	KS
P53667	Q9H6P5_Y52	Q9H6P5	HAGAGYHSESK	0.6741935549667886	0.9609756097560975	4	0.636979935955045	KS
Q15120	Q9H6P5_Y52	Q9H6P5	HAGAGYHSESK	1.1326433747358804	0.9470919324577861	5	0.636979935955045	KS
P53671	Q9H6P5_Y52	Q9H6P5	HAGAGYHSESK	1.0015515004723907	0.9393996247654784	6	0.636979935955045	KS
P45985	Q9H6P5_Y52	Q9H6P5	HAGAGYHSESK	1.0961934965573448	0.9078799249530957	7	0.636979935955045	KS
Q15118	Q9H6P5_Y52	Q9H6P5	HAGAGYHSESK	0.9220977534636376	0.9067542213883677	8	0.636979935955045	KS
Q02763	Q9H6T0_Y547	Q9H6T0	VMKERYVEVVP	2.3474223718775096	0.9654784240150094	1	-0.887595043620012	KS
Q08345	Q9H6T0_Y547	Q9H6T0	VMKERYVEVVP	1.5193057226862663	0.9530956848030019	2	-0.887595043620012	KS
A0A024R906	Q9H6T0_Y547	Q9H6T0	VMKERYVEVVP	1.8632770450931662	0.9378986866791745	3	-0.887595043620012	KS
Q14289	Q9H6T0_Y547	Q9H6T0	VMKERYVEVVP	2.2832442074623307	0.9170731707317074	4	-0.887595043620012	KS
Q06187	Q9H7B4_Y350	Q9H7B4	EEALFYGTRTM	2.595369192192318	0.9840525328330206	1	0.707275320524854	KS
Q08881	Q9H7B4_Y350	Q9H7B4	EEALFYGTRTM	2.9251812266438906	0.9720450281425891	2	0.707275320524854	KS
P30291	Q9H7B4_Y350	Q9H7B4	EEALFYGTRTM	1.8862437147785176	0.9707317073170731	3	0.707275320524854	KS
P08631	Q9H7B4_Y350	Q9H7B4	EEALFYGTRTM	2.542499053960533	0.9549718574108818	4	0.707275320524854	KS
A0A0S2Z3Y8	Q9H7B4_Y350	Q9H7B4	EEALFYGTRTM	2.7096836293035684	0.9375234521575985	5	0.707275320524854	KS
Q9BXM7	Q9H7B4_Y350	Q9H7B4	EEALFYGTRTM	0.5685026764944736	0.9347091932457786	6	0.707275320524854	KS
P42681	Q9H7N4_Y305	Q9H7N4	TLAGIYDDNSL	2.8382463430241813	0.924202626641651	1	-0.757950803787573	KS
P07333	Q9HBG6_Y146	Q9HBG6	TNDGQYLALGM	1.7591578069640557	0.923827392120075	1	-2.35906024382513	KS
P04626	Q9HBG6_Y146	Q9HBG6	TNDGQYLALGM	1.2492814217212365	0.9106941838649155	2	-2.35906024382513	KS
Q01538	Q9HCK8_Y2516	Q9HCK8	LRAPGYPSSPV	1.5894813961333598	0.9812382739212008	1	0.0520387142213519	KS
P53671	Q9HCK8_Y2516	Q9HCK8	LRAPGYPSSPV	1.1909844353453427	0.9549718574108818	2	0.0520387142213519	KS
Q15120	Q9HCK8_Y2516	Q9HCK8	LRAPGYPSSPV	0.9532894650028633	0.9217636022514071	3	0.0520387142213519	KS
Q07912	Q9HDC9_Y361	Q9HDC9	KFVPRYSLVLE	2.635053699270848	0.9726078799249531	1	0.668123996334163	KS
Q13470	Q9HDC9_Y361	Q9HDC9	KFVPRYSLVLE	1.0123835897885962	0.923639774859287	2	0.668123996334163	KS
Q13470	Q9NPI6_Y310	Q9NPI6	KHAPTYTIPLS	1.0241656683826112	0.924015009380863	1	0.388145096725239	KS
Q14289	Q9NPI6_Y310	Q9NPI6	KHAPTYTIPLS	2.2348789991068276	0.9133208255159475	2	0.388145096725239	KS
A4D1H4	Q9NPQ8_Y435	Q9NPQ8	RPEGQYSEDED	2.0147134292772155	0.9906191369606003	1	-0.906368735083133	KS
Q15120	Q9NPQ8_Y435	Q9NPQ8	RPEGQYSEDED	1.3579087407103503	0.9705440900562852	2	-0.906368735083133	KS
Q15118	Q9NPQ8_Y435	Q9NPQ8	RPEGQYSEDED	1.4070547417450474	0.9679174484052533	3	-0.906368735083133	KS
A0A024R8K3	Q9NPQ8_Y435	Q9NPQ8	RPEGQYSEDED	1.3867656235810022	0.9664165103189494	4	-0.906368735083133	KS
Q504U8	Q9NPQ8_Y435	Q9NPQ8	RPEGQYSEDED	2.4092117525631838	0.9322701688555347	5	-0.906368735083133	KS
P12931	Q9NQ79_Y581	Q9NQ79	VCVNTYGSYRC	4.436113708935209	0.9893058161350844	1	-1.60235366097394	KS
P08631	Q9NQ79_Y581	Q9NQ79	VCVNTYGSYRC	3.4300835155462623	0.9864915572232645	2	-1.60235366097394	KS
P07947	Q9NQ79_Y581	Q9NQ79	VCVNTYGSYRC	3.7817049128616347	0.9859287054409006	3	-1.60235366097394	KS
P07948	Q9NQ79_Y581	Q9NQ79	VCVNTYGSYRC	3.7214309707925954	0.9804878048780488	4	-1.60235366097394	KS
Q01538	Q9NQ79_Y581	Q9NQ79	VCVNTYGSYRC	1.5163929343958846	0.9791744840525328	5	-1.60235366097394	KS
P06241	Q9NQ79_Y581	Q9NQ79	VCVNTYGSYRC	3.986195224406919	0.9726078799249531	6	-1.60235366097394	KS
P09769	Q9NQ79_Y581	Q9NQ79	VCVNTYGSYRC	2.523625117287733	0.9654784240150094	7	-1.60235366097394	KS
E9PJX5	Q9NQ79_Y581	Q9NQ79	VCVNTYGSYRC	3.7748812240948113	0.9617260787992495	8	-1.60235366097394	KS
A0A0S2Z3Y8	Q9NQ79_Y581	Q9NQ79	VCVNTYGSYRC	2.8452042405797284	0.94859287054409	9	-1.60235366097394	KS
P04626	Q9NQ79_Y581	Q9NQ79	VCVNTYGSYRC	1.354658460286401	0.9210131332082552	10	-1.60235366097394	KS
P30291	Q9NQ79_Y581	Q9NQ79	VCVNTYGSYRC	0.7150270136362694	0.9063789868667917	11	-1.60235366097394	KS
A4D1H4	Q9NQG5_Y165	Q9NQG5	DYPGSYSPQDP	2.382111936480949	0.9971857410881801	1	0.280797093250921	KS
Q15120	Q9NQG5_Y165	Q9NQG5	DYPGSYSPQDP	1.367614224454086	0.9716697936210131	2	0.280797093250921	KS
Q15118	Q9NQG5_Y165	Q9NQG5	DYPGSYSPQDP	0.9586377667876511	0.9161350844277674	3	0.280797093250921	KS
P45985	Q9NYF8_Y219	Q9NYF8	PGLSAYDNSPR	1.8056885598451506	0.9851782363977486	1	-1.0418966016379	KS
Q15569	Q9NYF8_Y219	Q9NYF8	PGLSAYDNSPR	0.8612037886523335	0.9831144465290806	2	-1.0418966016379	KS
Q15120	Q9NYF8_Y219	Q9NYF8	PGLSAYDNSPR	1.1192973351703805	0.9439024390243902	3	-1.0418966016379	KS
P53671	Q9NYF8_Y219	Q9NYF8	PGLSAYDNSPR	0.7698967844765444	0.9091932457786116	4	-1.0418966016379	KS
Q13470	Q9NYF8_Y284	Q9NYF8	NGSSRYSPSQN	1.4767060184206475	0.9589118198874297	1	-0.477424297539381	KS
A4D1H4	Q9NYF8_Y284	Q9NYF8	NGSSRYSPSQN	1.0808191424803424	0.9138836772983114	2	-0.477424297539381	KS
Q6ZWH5	Q9NYF8_Y284	Q9NYF8	NGSSRYSPSQN	0.6492942120916856	0.9058161350844278	3	-0.477424297539381	KS
Q15569	Q9NYF8_Y284	Q9NYF8	NGSSRYSPSQN	0.18923276014543663	0.9050656660412758	4	-0.477424297539381	KS
Q13873	Q9NYF8_Y383	Q9NYF8	QEALDYFSDKE	1.6686380204667937	0.9787992495309569	1	-1.40860331360016	KS
P17948	Q9NYF8_Y383	Q9NYF8	QEALDYFSDKE	2.199590858686887	0.9540337711069419	2	-1.40860331360016	KS
Q504U8	Q9NYF8_Y383	Q9NYF8	QEALDYFSDKE	2.6672624608624145	0.949718574108818	3	-1.40860331360016	KS
A0A024R7M7	Q9NYF8_Y383	Q9NYF8	QEALDYFSDKE	1.4451821214259435	0.924015009380863	4	-1.40860331360016	KS
O15146	Q9P2D3_Y232	Q9P2D3	LENSNYGVRVA	2.671872641737075	0.9883677298311445	1	-0.390806282317168	KS
P30291	Q9P2D3_Y232	Q9P2D3	LENSNYGVRVA	2.381716674004474	0.9849906191369606	2	-0.390806282317168	KS
A0A0S2Z3Y8	Q9P2D3_Y232	Q9P2D3	LENSNYGVRVA	2.4804074084614447	0.9193245778611632	3	-0.390806282317168	KS
P06213	Q9P2D3_Y232	Q9P2D3	LENSNYGVRVA	1.1767979514317939	0.9138836772983114	4	-0.390806282317168	KS
P36888	Q9P2D3_Y232	Q9P2D3	LENSNYGVRVA	1.2987546632521592	0.9121951219512195	5	-0.390806282317168	KS
P53671	Q9UHB7_Y668	Q9UHB7	SQTPKYPESNR	1.0906946019284784	0.9459662288930581	1	0.949084606333667	KS
Q15569	Q9UHB7_Y668	Q9UHB7	SQTPKYPESNR	0.2267058773230373	0.9129455909943714	2	0.949084606333667	KS
Q6ZWH5	Q9ULM0_Y1097	Q9ULM0	YKNRLYFRSQV	2.1357916387475835	0.9868667917448405	1	0.726760684886989	KS
Q9BXM7	Q9ULM0_Y1097	Q9ULM0	YKNRLYFRSQV	0.9912950894593808	0.9769230769230769	2	0.726760684886989	KS
P16234	Q9ULM0_Y1097	Q9ULM0	YKNRLYFRSQV	1.6250273733443006	0.973170731707317	3	0.726760684886989	KS
A0A024R7E4	Q9ULM0_Y1097	Q9ULM0	YKNRLYFRSQV	1.3621494919433428	0.9709193245778611	4	0.726760684886989	KS
O15146	Q9ULM0_Y1097	Q9ULM0	YKNRLYFRSQV	2.0999013825539254	0.9707317073170731	5	0.726760684886989	KS
P36888	Q9ULM0_Y1097	Q9ULM0	YKNRLYFRSQV	1.903187437128208	0.9611632270168855	6	0.726760684886989	KS
P53667	Q9ULM0_Y1097	Q9ULM0	YKNRLYFRSQV	0.6428149553496236	0.9587242026266416	7	0.726760684886989	KS
P07949	Q9ULM0_Y1097	Q9ULM0	YKNRLYFRSQV	1.635139597212512	0.9564727954971858	8	0.726760684886989	KS
P30291	Q9ULM0_Y1097	Q9ULM0	YKNRLYFRSQV	1.3939659788585312	0.9527204502814259	9	0.726760684886989	KS
P23458	Q9ULM0_Y1097	Q9ULM0	YKNRLYFRSQV	1.908375234448246	0.9472795497185741	10	0.726760684886989	KS
Q06187	Q9ULM0_Y1097	Q9ULM0	YKNRLYFRSQV	1.5310383220398098	0.927016885553471	11	0.726760684886989	KS
Q08345	Q9ULM0_Y1097	Q9ULM0	YKNRLYFRSQV	1.112083311159495	0.9227016885553471	12	0.726760684886989	KS
P09619	Q9ULM0_Y1097	Q9ULM0	YKNRLYFRSQV	1.10001210044027	0.9015009380863039	13	0.726760684886989	KS
Q15569	Q9UM54_Y1146	Q9UM54	KSVTDYDFAPF	0.3151895031819406	0.9290806754221388	1	-2.15097322792968	KS
A0A140VJJ0	Q9UM54_Y1146	Q9UM54	KSVTDYDFAPF	1.767481994336379	0.9262664165103189	2	-2.15097322792968	KS
A0A0B4J1T8	Q9UM54_Y1146	Q9UM54	KSVTDYDFAPF	1.8975904175765506	0.924765478424015	3	-2.15097322792968	KS
P45985	Q9UM54_Y1146	Q9UM54	KSVTDYDFAPF	1.081752888866361	0.9046904315196999	4	-2.15097322792968	KS
P07949	Q9UPT8_Y158	Q9UPT8	RKYREYSPPYA	1.7713090958524207	0.9703564727954972	1	0.189145790050789	KS
Q15569	Q9UPT8_Y158	Q9UPT8	RKYREYSPPYA	0.5979852917418145	0.9658536585365853	2	0.189145790050789	KS
P53671	Q9UPT8_Y158	Q9UPT8	RKYREYSPPYA	1.3790264883565544	0.9649155722326455	3	0.189145790050789	KS
P53667	Q9UPT8_Y158	Q9UPT8	RKYREYSPPYA	0.5579757337378788	0.948780487804878	4	0.189145790050789	KS
Q08345	Q9UPT8_Y158	Q9UPT8	RKYREYSPPYA	1.308270993333437	0.9369606003752345	5	0.189145790050789	KS
Q9BXM7	Q9UPT8_Y158	Q9UPT8	RKYREYSPPYA	0.4484854261971908	0.9172607879924953	6	0.189145790050789	KS
M0R0W6	Q9UQ53_Y263	Q9UQ53	SKGIYYVQLED	2.606620782323653	0.9729831144465291	1	-0.0428908829127472	KS
P35916	Q9UQ53_Y263	Q9UQ53	SKGIYYVQLED	1.5410366901791492	0.9392120075046905	2	-0.0428908829127472	KS
P09619	Q9UQ53_Y263	Q9UQ53	SKGIYYVQLED	1.4187888869285958	0.9371482176360225	3	-0.0428908829127472	KS
P04629	Q9UQ53_Y263	Q9UQ53	SKGIYYVQLED	1.5724666691594615	0.9358348968105066	4	-0.0428908829127472	KS
A0A0S2Z3Q6	Q9UQ53_Y263	Q9UQ53	SKGIYYVQLED	1.4332441536297333	0.9294559099437149	5	-0.0428908829127472	KS
Q07912	Q9Y446_Y195	Q9Y446	GLDDRYSLVSE	2.353369252795783	0.9607879924953096	1	0.316655761019231	KS
Q13470	Q9Y5N1_Y275	Q9Y5N1	MPLHRYGVGEA	1.065138760233786	0.9281425891181989	1	0.0413592224456156	KS
Q01538	Q9Y5N1_Y275	Q9Y5N1	MPLHRYGVGEA	0.7456779293621717	0.9035647279549719	2	0.0413592224456156	KS
Q15118	Q9Y6D9_Y427	Q9Y6D9	LTPAEYSPQLT	1.3394010150900526	0.9628517823639775	1	0.543179857148615	KS
P21709	Q9Y6K1_Y370	Q9Y6K1	YRKAIYEVLQV	3.4753861611696872	0.9926829268292683	1	-0.197432951861286	KS
P29376	Q9Y6K1_Y370	Q9Y6K1	YRKAIYEVLQV	3.091063777280339	0.9879924953095685	2	-0.197432951861286	KS
Q14289	Q9Y6K1_Y370	Q9Y6K1	YRKAIYEVLQV	3.9409074544526597	0.9864915572232645	3	-0.197432951861286	KS
B6D4Y2	Q9Y6K1_Y370	Q9Y6K1	YRKAIYEVLQV	2.709322538813263	0.9833020637898686	4	-0.197432951861286	KS
M0R0W6	Q9Y6K1_Y370	Q9Y6K1	YRKAIYEVLQV	2.867729831962844	0.9816135084427767	5	-0.197432951861286	KS
Q07912	Q9Y6K1_Y370	Q9Y6K1	YRKAIYEVLQV	2.87793175138388	0.9789868667917448	6	-0.197432951861286	KS
P07332	Q9Y6K1_Y370	Q9Y6K1	YRKAIYEVLQV	2.797857894124723	0.9774859287054409	7	-0.197432951861286	KS
P54762	Q9Y6K1_Y370	Q9Y6K1	YRKAIYEVLQV	2.7904925219377485	0.9707317073170731	8	-0.197432951861286	KS
Q12866	Q9Y6K1_Y370	Q9Y6K1	YRKAIYEVLQV	3.0021286801322753	0.9654784240150094	9	-0.197432951861286	KS
A0A0B4J1T8	Q9Y6K1_Y370	Q9Y6K1	YRKAIYEVLQV	2.4515911282257075	0.9641651031894934	10	-0.197432951861286	KS
P42685	Q9Y6K1_Y370	Q9Y6K1	YRKAIYEVLQV	2.847226835743724	0.9581613508442777	11	-0.197432951861286	KS
Q9H3Y6	Q9Y6K1_Y370	Q9Y6K1	YRKAIYEVLQV	2.7528937635832147	0.9579737335834897	12	-0.197432951861286	KS
Q08345	Q9Y6K1_Y370	Q9Y6K1	YRKAIYEVLQV	1.6353129700186928	0.9572232645403377	13	-0.197432951861286	KS
Q15375	Q9Y6K1_Y370	Q9Y6K1	YRKAIYEVLQV	2.7955998351782148	0.9542213883677299	14	-0.197432951861286	KS
P51813	Q9Y6K1_Y370	Q9Y6K1	YRKAIYEVLQV	2.62588569918133	0.94953095684803	15	-0.197432951861286	KS
P16234_Y273	P16234	P16234		0	0	0	0	SK
P16591_Y42	P16591	P16591		0	0	0	0	SK
Q07912_Y284	Q07912	Q07912		0	0	0	0	SK
Q07912_Y827	Q07912	Q07912		0	0	0	0	SK
