name	index	f
Q9NSY1	0	1
Q2M2I8	1	1
Q96KB5	2	0
O14757	3	0
P51956	4	0
O14976	5	1
O43683	6	1
Q96GX5	7	0
Q96PY6	8	0
Q9BQI3	9	1
Q02750	10	0
P36507	11	0
Q9P1W9	12	0
Q86V86	13	0
P11309	14	0
P42345	15	0
P50750	16	0
Q14004	17	1
Q9BWU1	18	0
P49336	19	0
Q00537	20	0
Q9NYV4	21	1
Q07002	22	0
Q8TAS1	23	0
Q9BXM7	24	0
O94921	25	1
Q15131	26	0
Q16539	27	1
P50613	28	0
O00311	29	0
P37173	30	0
P33981	31	0
Q14164	32	0
Q9UKI8	33	1
Q13873	34	0
Q5TCY1	35	0
Q9NZJ5	36	1
P57078	37	0
P53350	38	0
Q6P5Z2	39	0
Q16566	40	0
Q14012	41	1
O14965	42	0
Q16512	43	0
Q6P2M8	44	0
Q16513	45	1
Q8N568	46	0
Q8IU85	47	0
O96017	48	0
Q86UX6	49	0
O15530	50	0
Q9UEE5	51	0
P31749	52	1
Q12852	53	0
P49137	54	1
Q16644	55	0
O14920	56	0
Q13554	57	0
Q8IW41	58	1
Q15139	59	1
Q9BZL6	60	0
Q52WX2	61	0
P34947	62	0
Q9UQM7	63	0
P15056	64	1
Q13557	65	1
P51817	66	0
Q9UQB9	67	0
O43293	68	0
Q9UIK4	69	0
P22694	70	0
P31751	71	1
Q9UBS0	72	0
P53355	73	0
Q96GD4	74	0
P49760	75	0
O75676	76	1
Q09013	77	0
Q9NRH2	78	0
Q9P0L2	79	0
Q8IY84	80	0
Q7KZI7	81	0
Q9BXA7	82	0
Q96PF2	83	0
Q9BXA6	84	0
O60285	85	0
Q9H0K1	86	0
O43353	87	0
P51617	88	0
Q96L34	89	0
Q14680	90	0
P27448	91	0
P78527	92	0
Q13315	93	0
P57058	94	0
P32298	95	0
P49840	96	0
Q8WTQ7	97	0
P43250	98	0
P68400	99	0
Q13535	100	0
P19784	101	0
Q6IQ55	102	0
P35626	103	0
Q9H4B4	104	0
Q15835	105	0
Q9UBE8	106	0
O75385	107	0
Q9BUB5	108	1
Q9HAZ1	109	0
Q9Y5S2	110	1
P22612	111	0
O75116	112	0
Q13237	113	0
Q9Y2K2	114	0
P57059	115	0
Q13131	116	1
Q96QP1	117	0
Q8TDC3	118	0
Q8IWQ3	119	0
P78368	120	0
P36896	121	0
Q9UHD2	122	0
P36897	123	0
Q6XUX3	124	0
Q86UE8	125	0
Q13043	126	1
Q04771	127	0
O76039	128	0
Q99558	129	0
Q00532	130	0
Q16816	131	0
P11802	132	0
P05771	133	0
Q02156	134	0
P41743	135	1
P17252	136	0
Q8TD08	137	0
Q8IXL6	138	0
O00238	139	0
P25098	140	0
P36894	141	0
Q9NYY3	142	0
P27037	143	0
Q96RR4	144	0
Q8TF76	145	1
Q9Y2H1	146	0
Q13164	147	0
Q15208	148	0
Q9NRM7	149	0
P17612	150	0
Q9NR20	151	0
Q13555	152	0
Q96SB4	153	1
P78362	154	1
Q9UPE1	155	0
Q96RG2	156	0
P49761	157	0
Q8TDX7	158	1
Q9HC98	159	0
Q8IYT8	160	0
O43318	161	0
O00444	162	0
P48729	163	0
Q13523	164	1
Q16654	165	0
Q86Y07	166	0
P24941	167	0
P45984	168	0
O43781	169	0
P53779	170	0
Q9Y6M4	171	1
Q13705	172	0
O15111	173	0
P28482	174	1
Q15759	175	0
Q9H422	176	0
Q00535	177	0
Q8NG66	178	0
Q02779	179	0
Q99683	180	0
Q9NYL2	181	1
Q6ZN16	182	0
Q13163	183	0
Q6P3R8	184	0
Q99759	185	1
Q9Y2U5	186	1
Q9Y572	187	0
Q9NY57	188	0
Q8N5S9	189	0
Q96Q15	190	1
Q8TD19	191	1
P41279	192	0
Q15831	193	0
P80192	194	0
Q9BX84	195	0
Q00536	196	1
Q9H2X6	197	0
Q86Z02	198	0
Q9Y463	199	0
Q92630	200	0
O95835	201	0
P45983	202	0
P20794	203	0
P53778	204	0
P06493	205	1
P04049	206	1
O14874	207	0
Q9H2K8	208	1
Q12851	209	1
O95747	210	1
Q15118	211	0
Q13188	212	1
Q8WXR4	213	0
Q9H2G2	214	0
Q8IVH8	215	0
Q9H1R3	216	0
P23443	217	0
Q5VT25	218	0
O14578	219	0
O75582	220	0
P51812	221	1
Q9UK32	222	0
O00141	223	0
Q15418	224	1
Q86YV6	225	0
Q9Y243	226	1
P48730	227	1
P49674	228	0
Q96S44	229	0
Q9P2K8	230	0
Q9HCP0	231	0
Q13177	232	1
Q9P286	233	0
O75914	234	0
O96013	235	1
Q13153	236	1
Q96NX5	237	0
O94806	238	0
Q15746	239	1
Q9P289	240	0
Q8N752	241	0
Q13546	242	0
Q9UQ07	243	0
Q00526	244	0
Q8NE63	245	0
Q13627	246	0
P49759	247	1
Q9BYT3	248	0
Q96J92	249	0
Q9NWZ3	250	0
Q96QT4	251	0
Q9NQU5	252	1
Q9H093	253	0
P54646	254	0
Q9BYP7	255	0
O15264	256	0
P49841	257	0
P00540	258	0
O75716	259	0
P19525	260	1
Q13233	261	0
Q05513	262	0
P51957	263	0
O95382	264	0
Q8N4C8	265	0
Q8NEV4	266	0
Q92918	267	0
Q9UPZ9	268	0
Q15349	269	0
P27361	270	1
P51955	271	0
Q96BR1	272	0
Q9HBH9	273	1
Q04759	274	0
Q13464	275	0
Q13976	276	0
Q32MK0	277	0
Q00534	278	0
Q9Y4K4	279	0
O94804	280	0
O15075	281	0
Q5S007	282	0
Q86SG6	283	0
P15735	284	0
O00506	285	0
Q7L7X3	286	0
P24723	287	0
Q56UN5	288	0
Q99986	289	0
O75460	290	0
Q05655	291	1
Q16584	292	1
Q5TCX8	293	0
P05129	294	0
Q9UL54	295	0
Q9UEW8	296	1
O00418	297	1
O95819	298	1
Q9UKE5	299	0
Q9H4A3	300	1
Q9Y6E0	301	0
Q76MJ5	302	0
Q14289	303	0
M0R0W6	304	0
A8K3B6	305	0
P04629	306	0
P14616	307	0
P08069	308	0
P22607	309	0
A0A024R8K3	310	0
P43403	311	0
P21802	312	0
P06213	313	0
Q05397	314	1
P35916	315	0
Q16620	316	0
B4DVP5	317	0
P42679	318	0
Q96CY4	319	0
A4D1H4	320	0
Q15120	321	0
Q504U8	322	0
A0A024R273	323	0
P45985	324	1
Q08345	325	0
P53671	326	0
Q15569	327	0
Q13470	328	0
P53667	329	1
Q59H18	330	0
Q01538	331	0
P09769	332	0
P07949	333	0
B4DV95	334	0
O15146	335	0
A0A024R8E2	336	0
H0YNK6	337	0
Q08881	338	0
Q06187	339	0
P08631	340	0
P42680	341	0
P21709	342	0
Q02763	343	0
P51813	344	0
Q07912	345	0
B4E058	346	0
P54753	347	0
P07332	348	0
P07948	349	0
P06241	350	0
E9PJX5	351	0
Q15303	352	0
P42681	353	0
P29322	354	0
P04626	355	1
P12931	356	0
A0A0S2Z3Y8	357	0
A0A024R7E4	358	0
O60674	359	0
P08922	360	0
B6D4Y2	361	0
P07333	362	0
P16234	363	0
A0A024RDA0	364	0
P36888	365	0
Q6ZWH5	366	0
A0A024R7M7	367	0
Q9H3Y6	368	0
A0A024R906	369	0
P30291	370	0
P42684	371	0
P23458	372	0
P17948	373	0
P09619	374	0
A0A024RD88	375	0
A0A024R759	376	0
P16591	377	0
Q12866	378	0
P07947	379	0
P29376	380	0
P54760	381	1
A0A0B4J1T8	382	0
A0A140VJJ0	383	0
Q15375	384	0
A0A024R452	385	0
B7ZKJ3	386	0
A0A024QZA8	387	0
B4DSE0	388	0
A0A0S2Z3Q6	389	0
P54762	390	0
Q13882	391	0
P42685	392	0
O00418_S74	393	1.6515272614798437
O00418_S78	394	1.7239196654578794
O14976_S780	395	1.864767538451236
O43683_S655	396	1.7713658365111211
O75676_S343	397	-1.839278854777909
O75676_S681	398	-2.4069478501592396
O94921_S120	399	1.371210066752024
O95747_S339	400	3.05872750188502
O95747_S347	401	1.6997538219615311
O95747_S359	402	-1.6566629646590592
O95819_S629	403	-3.68787363914187
O96013_S99	404	-1.1437339441592158
P04049_S43	405	1.2568618365111313
P04626_S1073	406	-1.218478474969606
P04626_S998	407	-2.960079652601296
P15056_S446	408	2.426458043259169
P15056_S447	409	1.787436730468933
P15056_T440	410	1.6552278997853378
P19525_S456	411	1.805786668523293
P27361_T202	412	2.62764461730149
P28482_T185	413	1.050393343346549
P28482_T190	414	1.0530514964509639
P31749_S126	415	2.057564115878014
P31751_S126	416	1.6316018149453733
P31751_T309	417	1.1748904690354234
P31751_T313	418	1.8058289808361359
P41743_S7	419	-1.0255406195814647
P45985_S394	420	1.2805969134940653
P48730_T347	421	-1.256120509087955
P48730_T355	422	-1.4421825062299227
P49137_S219	423	1.7560673650121466
P49137_T222	424	1.7705762937971325
P49759_T138	425	1.2211423638308236
P51812_S386	426	-1.3437033978712005
P53667_S302	427	-1.6979029712978004
P54760_S769	428	1.0786711804099482
P78362_S380	429	2.649552594293846
Q00536_S480	430	1.4876200398492934
Q05655_S647	431	-1.846301576985148
Q12851_S394	432	1.6524403987951573
Q13043_S320	433	1.0546433973774825
Q13043_S327	434	1.2379063643067134
Q13131_S356	435	1.158724576113224
Q13153_S174	436	-2.70420434646638
Q13153_S199	437	-1.7533032869113008
Q13153_S220	438	-1.7473425365415007
Q13153_S223	439	-2.3220665557684477
Q13177_S141	440	-2.2456133347232274
Q13188_S323	441	1.9435548738219683
Q13523_S23	442	-1.428587026081642
Q13523_S328	443	-2.5510040514819554
Q13523_S431	444	2.819195442677186
Q13557_S333	445	-3.188480468704048
Q13557_T331	446	-1.3455125078526287
Q14004_T1058	447	-1.4956486832832852
Q14012_T177	448	1.3507501136784228
Q15139_S235	449	2.6889061344293914
Q15139_S249	450	1.1430665908699087
Q15418_S363	451	-1.5317674941440576
Q15418_T359	452	-1.651997936657338
Q15746_S1779	453	1.5784917461221513
Q16513_S306	454	1.5846748978626444
Q16539_T180	455	1.5135845409419506
Q16584_S740	456	-2.1512742009679826
Q2M2I8_T389	457	1.1519730848144611
Q2M2I8_T620	458	2.4531221178153775
Q8IW41_T182	459	1.0267926791686879
Q8TD19_T886	460	-1.837479311559468
Q8TDX7_S195	461	1.015634133138331
Q8TF76_S143	462	2.217608000427017
Q96Q15_T3573	463	1.4883741388638079
Q96SB4_S51	464	2.0316415898357896
Q99759_S176	465	2.1566865784821037
Q9BQI3_S258	466	1.416280310540282
Q9BUB5_S221	467	1.6942114363520844
Q9H2K8_S324	468	-2.268407661536287
Q9H4A3_S382	469	1.4581792712675217
Q9HBH9_S74	470	1.876530097404249
Q9NQU5_S246	471	1.2540557081562458
Q9NSY1_S1029	472	2.8833950044701844
Q9NYL2_S593	473	1.481346704109832
Q9NYV4_S383	474	1.469163041691349
Q9NYV4_S385	475	1.9816154942272064
Q9NYV4_S681	476	1.4200920638607624
Q9NYV4_S685	477	1.5864957785857996
Q9NZJ5_S1094	478	-1.357369113524367
Q9NZJ5_S715	479	1.7578685028887246
Q9UEW8_S370	480	-2.0606033082372743
Q9UEW8_S385	481	2.4434851194277023
Q9UKI8_S134	482	2.2172244576597677
Q9Y2U5_S297	483	1.9001175283852003
Q9Y5S2_S1690	484	-2.533872397476433
Q9Y6M4_T29	485	1.1147737008914191
P04626_Y1127	486	1.601202657129491
P04626_Y735	487	-1.8186367074307341
P06493_Y19	488	1.8270558901206986
P19525_Y27	489	-2.0765215649165523
P27361_Y204	490	1.906400685279321
P28482_Y187	491	1.0798116269034406
P31751_Y316	492	2.6580494355856814
P49137_Y225	493	1.207180648843746
Q05397_Y397	494	1.3656271243596763
Q8IW41_Y189	495	-1.7064118930963659
Q9Y243_Y312	496	1.0489720059595644
A0FGR8_S691	497	-2.156084540482956
A0FGR8_S693	498	-1.5627167609064667
A0FGR8_S758	499	2.5117428224065286
A0FGR8_S761	500	1.4174334723289643
A1A5D9_S36	501	1.2389103591627908
A1L390_S1081	502	3.1488289689996556
A1L390_S448	503	1.6692799861853143
A1L390_S640	504	1.1413765239606661
A6NDB9_S550	505	1.1613051073962168
A7KAX9_S655	506	1.0858492060832035
A7KAX9_S706	507	-1.8577045338903844
A7KAX9_S709	508	-1.793851688880908
C9JLW8_S18	509	-1.4632959688414964
O00193_S147	510	1.0529097105691996
O00193_S15	511	-3.803177281536655
O00193_S17	512	-4.070514076468953
O00193_S25	513	1.321971416262084
O00267_T775	514	1.0749772834440225
O00299_S156	515	1.3351915820197124
O00299_T155	516	1.224343034270433
O00400_S2	517	1.9734994564331636
O00479_S80	518	-2.0662199284830916
O00499_S296	519	-1.6067000056233312
O00499_S298	520	-1.579528080630066
O00505_S56	521	-1.5892899370006592
O00505_S60	522	1.8511756142155136
O00512_T115	523	1.001036121705198
O00515_S121	524	1.1493724011193578
O00515_S38	525	-3.6699867525156638
O00567_S520	526	-2.2661366435926755
O00567_S563	527	-1.2721932822136175
O00567_S569	528	1.1128018276728913
O00567_T468	529	1.8137936169649187
O00571_S605	530	1.006437968170399
O00571_S606	531	-1.1664028752987878
O00712_S264	532	-2.7575244881269665
O00716_S163	533	1.3219063268087456
O14497_S1184	534	1.2546171102617532
O14523_T417	535	1.5712160063899017
O14524_S368	536	-1.572286677181701
O14617_S829	537	-1.107429460351014
O14639_S426	538	-1.4425136912134473
O14639_S431	539	-1.8638832289358902
O14639_S450	540	-1.912940863278262
O14639_S452	541	-1.6147299112214313
O14681_S326	542	1.0324624032641658
O14686_T4682	543	1.3491273846507807
O14737_S119	544	1.109445637431424
O14745_S288	545	-6.0530492635462405
O14745_S290	546	-4.654075967157368
O14745_S294	547	-1.8381774732947704
O14745_T293	548	-3.046782738058443
O14908_T238	549	-3.6724751701294114
O14908_T252	550	3.0567517834664457
O14974_S472	551	-1.2457750283392457
O14974_S507	552	-5.140401867658701
O15013_S1287	553	1.9633578339077005
O15014_S358	554	-2.5904909445129647
O15014_S361	555	1.2157539743217018
O15014_S379	556	1.9221240058760518
O15014_S467	557	-1.127243606061258
O15042_S485	558	1.1468688021997586
O15042_S946	559	2.0582549077327723
O15085_T672	560	1.8876662610802146
O15126_T45	561	1.2198805188483988
O15151_S340	562	2.412538249730339
O15151_S342	563	2.043422925148855
O15151_S344	564	1.6142525948276756
O15164_S660	565	1.0374633344220001
O15211_S617	566	-1.651639953245306
O15231_S153	567	2.699534371218384
O15231_S465	568	-3.2621242415040914
O15231_T513	569	1.2108317202329406
O15234_S363	570	-1.203737596466933
O15344_S92	571	-1.3092256623181466
O15355_S183	572	-1.3852222964798226
O15400_T4	573	1.3539164060874267
O15427_S436	574	-1.0186930987656755
O15438_S908	575	1.254908833059556
O15440_S509	576	1.1077503497620338
O15541_S253	577	1.079344921461944
O15551_T204	578	1.3398272744826034
O43148_T77	579	1.338042784315256
O43150_S701	580	1.7651512469435247
O43150_S822	581	1.1146408250764175
O43237_S205	582	1.2808204389695348
O43237_S383	583	-2.7962585403078215
O43290_S598	584	1.7485341633011497
O43294_S137	585	2.1905253680313717
O43294_S140	586	2.354936713416256
O43296_S150	587	1.3022032460785375
O43303_T382	588	1.179618756043368
O43395_S133	589	1.1369958261403337
O43399_S161	590	-1.5256521091602764
O43399_T163	591	-3.1941445329362175
O43491_T673	592	-2.1313043989537483
O43520_S1207	593	1.7840506796134008
O43524_S311	594	1.2258861025689853
O43524_S413	595	-1.858053140606497
O43583_S20	596	2.1712948672394
O43598_S169	597	1.3277571639379548
O43598_T174	598	1.8934459461649045
O43639_S90	599	-1.294688942628861
O43663_S513	600	-2.0620584994089324
O43719_S453	601	3.5353979721683455
O43719_S494	602	-4.062230000311338
O43765_S77	603	1.5589801234973635
O43765_T303	604	-1.4168807270188033
O43829_S233	605	1.0249118479134047
O43829_T235	606	1.4670473399336288
O43847_S94	607	-2.060527387815224
O60238_S65	608	2.2480730583950965
O60244_S1136	609	-1.1521769701915332
O60244_S1144	610	1.1089455081158146
O60264_S66	611	1.3646679080399355
O60271_T292	612	1.4572010902933332
O60271_T365	613	-1.0766548162345444
O60292_S1544	614	-1.34942810686052
O60292_S172	615	1.1591526423788334
O60333_S1659	616	1.0628892506817031
O60353_S629	617	1.1164967572952165
O60488_S674	618	1.7190913982478815
O60499_S132	619	-2.5393479659482328
O60502_S364	620	1.242767739661165
O60664_S130	621	1.3800418248607453
O60716_S230	622	-3.9383737038992486
O60716_S268	623	-2.73258110525758
O60716_S349	624	2.230296302214354
O60749_S226	625	1.2379953427020212
O60825_S483	626	-2.2718069977644966
O60825_S493	627	-1.6067297530846112
O60832_S494	628	1.7267097258318742
O60832_T497	629	1.6788154411728584
O60841_S113	630	1.2845253931557536
O60841_S137	631	1.4462075403631847
O60930_S74	632	-2.252160444858932
O60934_S615	633	1.6154894662353332
O75122_S455	634	1.3548388132108684
O75145_T714	635	1.710380388278935
O75145_T718	636	-1.3389116624474138
O75152_S171	637	2.215553905547253
O75157_S205	638	-1.15282228453745
O75164_S523	639	1.344747560711232
O75167_T25	640	1.9934077032723518
O75190_S15	641	-2.172825942505611
O75351_S102	642	-3.7415132387436927
O75367_T175	643	1.5021131482912011
O75376_S158	644	-1.7805908348087733
O75376_S1977	645	2.133495181555327
O75376_S999	646	1.4074679091006566
O75379_S30	647	1.3652566051340287
O75382_S455	648	1.1908008676939463
O75391_S114	649	1.9633023162225065
O75400_S938	650	1.0142976029603243
O75410_S153	651	-2.1829539290615276
O75410_S267	652	2.0594660033856265
O75420_S157	653	1.602988292877722
O75420_S24	654	1.0742806712598743
O75436_S318	655	1.7260575256205275
O75446_S131	656	-1.4726419244388769
O75446_T145	657	1.2935265917084084
O75448_S873	658	1.046169861888556
O75475_S275	659	1.6297816044793603
O75475_T122	660	-1.0618406843921555
O75494_S133	661	1.4394946266540831
O75494_S156	662	-1.0614405525486017
O75494_S158	663	-1.1161740154528097
O75494_T92	664	1.1730713529989831
O75509_S541	665	1.6793692057876708
O75531_S4	666	2.011166467021946
O75533_S322	667	1.9684973217763329
O75533_T223	668	1.8393141135594533
O75533_T244	669	-1.9762678772666753
O75533_T273	670	1.4610346526046314
O75533_T434	671	1.1194060330631004
O75533_T436	672	1.112824956256821
O75581_S1508	673	1.1357393803513993
O75643_S225	674	1.525976016841554
O75717_S383	675	1.0026463305718512
O75764_S140	676	-1.7877703980206672
O75815_S370	677	1.5567027036650583
O75821_T41	678	-2.375168222789739
O75822_S13	679	1.8496333982725126
O75874_S94	680	-1.965326352460469
O75907_S17	681	1.3153526412505006
O75907_S18	682	-1.0624843038628455
O75907_T12	683	-2.0300047092476667
O75909_S324	684	2.1308952851255984
O75962_S1785	685	1.7288550653487817
O75962_S2455	686	1.4561378719875258
O75976_T1368	687	1.4531472557193563
O76094_S625	688	1.808067978525898
O94776_T534	689	-1.1011660542934347
O94811_S160	690	-1.5996009834206824
O94811_S18	691	-2.6418375553868945
O94826_S91	692	-2.5845284989900215
O94826_T85	693	-3.5171956127093544
O94864_S108	694	1.3819272203724413
O94874_S458	695	-4.077772963645977
O94875_S298	696	-4.691135219410016
O94875_S301	697	-2.7969617844876495
O94880_S294	698	1.1258205903337668
O94887_S439	699	2.0000355266076806
O94888_S270	700	-1.0376565770004973
O94888_S288	701	1.4298055637477702
O94888_T306	702	-2.830360280050721
O94903_S244	703	1.1489878471814041
O94929_S372	704	-1.5917723877546912
O94929_S373	705	-2.9027736835880784
O94929_S503	706	-1.7783230255281222
O94929_S567	707	1.296983131351583
O94979_S527	708	-1.1657850882467162
O95149_S350	709	1.582933337811001
O95155_S103	710	1.474459958567948
O95155_S105	711	1.4219991862012282
O95155_S76	712	-1.5130565444220636
O95171_S289	713	1.1591045961244006
O95197_S229	714	1.097995902609
O95210_S211	715	-2.6921714149462996
O95218_S120	716	1.5494695094280448
O95218_S153	717	1.2997637079606434
O95218_S181	718	1.8701604006500911
O95218_S188	719	-3.2307777497326935
O95232_S425	720	1.401807895734029
O95251_S50	721	-4.109118525518227
O95292_S158	722	-1.273585395958703
O95297_S221	723	1.318307712547032
O95297_S247	724	1.246744484200999
O95336_S49	725	1.6585073458959236
O95359_S2226	726	1.802465460296725
O95365_S337	727	-2.5638904133486147
O95365_S549	728	2.1583646715180898
O95365_T517	729	-1.8047561040727835
O95391_S235	730	2.5479835497618115
O95400_S46	731	-4.710082561010346
O95402_S373	732	1.2918638752681364
O95425_S549	733	1.5164317259795794
O95453_S572	734	1.665015857631234
O95453_S619	735	-2.3259681879531993
O95503_S107	736	-1.737591229130901
O95674_S41	737	1.092291134925894
O95677_S139	738	-2.292217750562493
O95684_S156	739	-1.8866186608644853
O95685_S46	740	-4.3209307725900015
O95721_S77	741	2.1538114162394315
O95817_S269	742	-1.0829859188791744
O95817_T406	743	2.261179128933767
O96007_S20	744	1.0470984054714325
O96018_S11	745	1.0134918740806995
O96018_S9	746	2.462372840887598
O96020_S21	747	2.247465534538966
P00441_S99	748	1.0174769835646185
P00533_S1064	749	1.6726931670909782
P00533_S991	750	3.9793949030122366
P00533_S995	751	1.3008384090803702
P00533_T993	752	1.6146315623993353
P02533_S435	753	1.1770538088248017
P02545_S17	754	5.527728098294663
P02545_S18	755	4.240013917706827
P02545_S390	756	-1.794271615611784
P02545_S392	757	-2.9756669729376632
P02545_S404	758	-7.297194701624672
P02545_S407	759	-2.0595851423988165
P02545_S423	760	-1.5219628797961668
P02545_S507	761	1.3076372172753086
P02545_T19	762	2.3400296939881784
P02686_S40	763	1.7763938513098765
P02765_S135	764	-7.330209994534151
P04075_T9	765	1.5523106026657914
P04264_S21	766	-1.9241710877544822
P04406_T184	767	1.1811258642414444
P04792_S15	768	1.1348455743727346
P04792_S86	769	-1.1763757122054752
P04920_S443	770	-1.3826081442827363
P05386_S104	771	4.674203481488332
P05412_S243	772	1.2039001582183317
P05412_S58	773	1.319552629263022
P05412_S63	774	1.0528212204380765
P05412_T231	775	1.4333320364451971
P05556_S785	776	-1.9501608449030492
P05783_S30	777	-3.1266320943397865
P05783_S31	778	-3.8769929238794187
P05783_S34	779	-4.000662299632058
P05783_S51	780	-4.580101565980819
P05783_S53	781	-1.8052435648084604
P05783_S7	782	-3.533375375060377
P05783_T8	783	-5.098439931687215
P05787_S22	784	-2.8339832958688937
P05787_S24	785	-9.58473319730335
P05787_S258	786	2.122281307992216
P05787_S34	787	-2.7053372302254832
P05787_S35	788	-4.183346250747274
P05787_S37	789	-2.6684631141903203
P05787_T303	790	-1.238484680798619
P06400_S249	791	-1.0518197831845804
P06400_S608	792	2.017497538053009
P06454_S10	793	1.5451221001617803
P06454_S2	794	-3.9645587352493816
P06454_S9	795	-1.6147736782257258
P06748_S222	796	1.4509313211838766
P06748_S242	797	1.0863965134569202
P06748_T219	798	-2.887297943351971
P06748_T234	799	2.549738579970038
P07197_S620	800	2.3101265646550004
P07355_S12	801	-1.8470423671579947
P07355_S127	802	1.9076546394757994
P07355_S18	803	-2.9289944641205263
P07355_T123	804	1.3736854202475328
P07355_T19	805	-3.3858689585469186
P07814_S882	806	-2.44219874345573
P07900_S315	807	1.4713454657456655
P07900_S595	808	1.1958699592518318
P07900_T317	809	1.333767875545668
P07910_S233	810	-7.418378375567697
P07910_S238	811	-1.78793296239294
P07910_S260	812	2.589831105530358
P07910_S299	813	-5.3603184956274745
P08238_S255	814	-4.1571136358652225
P08238_S307	815	-1.7980845838378912
P08559_S293	816	-2.446343286791361
P08559_S295	817	-3.7929470390967435
P08621_S410	818	1.3211135482691532
P08651_S333	819	-1.1407951807047656
P08670_S144	820	1.631225694518399
P08670_S214	821	1.7614406060870778
P08670_S26	822	1.2750547951310995
P08670_S430	823	1.4483707028703101
P08670_T426	824	1.4177043910454366
P08727_S10	825	-1.5536257182604256
P08727_S35	826	-6.469299173526707
P09429_S35	827	-1.0179111762285693
P09874_S782	828	1.027805303740573
P0C7T5_S284	829	-1.6038099231083098
P10074_S171	830	2.274041083293552
P10074_S179	831	3.34636436183132
P10244_T494	832	-1.0894183128818806
P10398_S269	833	-3.156704726406799
P10398_S299	834	1.5492283313529018
P10398_S582	835	1.455929570871266
P10412_S187	836	-2.7833408312516372
P10412_T146	837	1.3033919120675872
P10412_T4	838	-1.7954369308900802
P10451_S63	839	-1.0063114319358544
P10636_S552	840	1.0230140669305907
P10636_S717	841	-1.453126384068737
P10636_T492	842	1.3993811113027093
P10644_S77	843	-1.4638617027625855
P10644_T75	844	-2.7712493055051297
P10827_S12	845	-1.858460863702387
P11137_T1592	846	-2.526049023348431
P11137_T1595	847	-2.5310244778012176
P11137_T1602	848	-2.4416607969011146
P11171_S674	849	2.5470910680433407
P11274_S215	850	2.2206483081360755
P11274_S459	851	-2.3647518210575917
P11388_S1393	852	-2.6474456587541155
P11388_S1525	853	3.4097206932648962
P11388_T1470	854	-2.609156238790254
P11474_S27	855	1.0200847839637692
P11717_S2409	856	1.7107061836572903
P11717_S2484	857	1.6877736530522398
P12270_T2137	858	1.7855697107745012
P12694_S337	859	-2.2879178561226023
P12694_S339	860	-1.9140801000450125
P12694_S342	861	1.5118240497008504
P12694_S343	862	1.4812688496532331
P12694_S347	863	1.1231796107989673
P12694_T338	864	-2.040098396824689
P13051_S64	865	1.343961555388356
P13569_S707	866	1.194715673589263
P13639_T57	867	-4.396717664773529
P13646_S147	868	1.0853042368775707
P13646_S153	869	1.5121832686933754
P13796_S257	870	1.7820962655195363
P13796_S5	871	1.734365379610244
P13798_S187	872	1.0943777248878437
P13807_S653	873	4.6034306602666195
P13861_S78	874	2.7577738541834336
P13861_S80	875	-1.773981070109583
P14618_S100	876	1.661552139749917
P14625_S306	877	1.3184570399388846
P14859_T276	878	1.6107539410224891
P14921_S282	879	1.1023568877119327
P14923_S665	880	-1.9385507807658104
P15336_S112	881	1.0508355250083365
P15336_T69	882	1.516983710926354
P15336_T73	883	2.728912636096114
P15408_S230	884	1.4043934339547341
P15941_T1214	885	1.9090472462309496
P16333_S85	886	-4.640904042785687
P16333_S91	887	-3.426800768110443
P16401_S189	888	-3.609051478530146
P16401_S2	889	-4.804472205982194
P16401_T11	890	-1.098026045395038
P16401_T9	891	1.7125577016960545
P16403_S2	892	-2.564374892892147
P16403_T146	893	-3.6888618008997316
P16949_S16	894	-1.1300273012137687
P16949_S31	895	-2.8515093000397993
P17026_S49	896	1.4101249655765997
P17096_S102	897	3.1465133622672035
P17096_S36	898	-2.5143281887903655
P17096_S44	899	-1.5364977802924074
P17096_S99	900	2.8433517556653882
P17096_T39	901	-2.6722674928500147
P17181_S495	902	-1.1996083666739334
P17275_S251	903	1.5806810477213986
P17275_T255	904	1.6653594053836525
P17535_S255	905	1.5035235758377627
P17544_T53	906	1.3108476618069673
P17812_S571	907	-1.5292573215626035
P17812_S575	908	-1.2703816806247552
P17812_T566	909	-2.254393279752822
P17987_S544	910	1.2228042319013532
P18031_S386	911	-2.295071569322632
P18583_S2129	912	1.6367504698535562
P18615_S115	913	1.0727878522443657
P18615_S181	914	-3.797491692587755
P18615_T91	915	1.1034089616760827
P18846_S198	916	2.162438422104964
P18858_S141	917	1.0387379773720653
P18858_S66	918	1.6803454794338126
P18858_T195	919	-1.6906407659439076
P18887_T257	920	-2.4317557172739885
P18887_T281	921	1.0497960012166807
P19174_S1263	922	1.1578027864309526
P19338_S145	923	6.252839379089043
P19338_S619	924	1.3232772895130491
P19634_S697	925	1.055017316911572
P19634_S788	926	1.836215238518335
P19793_S21	927	1.452778951802049
P20020_S1178	928	1.1970215371951642
P20042_S2	929	-1.665719241155827
P20042_T111	930	1.414717278113022
P20042_T31	931	1.1582338947671023
P20700_S396	932	1.1249308662834494
P20700_S401	933	-3.2379880269277415
P20700_S405	934	-1.993856966524456
P20700_T20	935	-2.354021814897001
P20810_S364	936	1.4261694221709824
P20810_S366	937	1.7892608119277185
P20810_S373	938	1.903999485926425
P21333_S2152	939	-2.9681614391103643
P21333_S2414	940	1.0667904560994579
P21333_T2336	941	1.5475818447516971
P22059_S193	942	2.719407481949604
P22059_S351	943	1.0506977836895182
P22234_S27	944	1.8500700159357333
P22314_S13	945	1.4058597753749584
P22314_S46	946	1.0079448512168732
P22314_S810	947	-1.7883964094126839
P22626_S212	948	1.6295936300010165
P22626_S236	949	3.610590289820191
P22626_S85	950	1.193598558148791
P23497_S157	951	1.0514537911417587
P23497_S410	952	2.2914398536881766
P23528_S24	953	-1.3094643096823937
P23528_S3	954	-3.0454915128011564
P23588_S406	955	-2.462738356217457
P23588_S495	956	-3.638314433487084
P23588_T420	957	-3.8659098453031167
P23771_S162	958	-1.4533776093188422
P24534_S106	959	3.9740809593145965
P24534_S112	960	3.4138773703701393
P24534_S140	961	1.075148443812461
P24534_T88	962	5.540377849902244
P24534_T93	963	3.335376853355635
P24844_S20	964	1.2330499344208334
P24844_T19	965	2.290870486120032
P25054_S1371	966	-1.165039462559239
P25054_S2803	967	3.2337627038367334
P25205_S704	968	-1.9023622555541326
P25205_T713	969	1.4797748856166386
P25205_T722	970	4.116745791624808
P25440_S633	971	2.6048190115898375
P25490_S247	972	1.641725943430023
P25490_T348	973	1.436884408296331
P25788_S243	974	1.6936940471413955
P25788_S250	975	1.2834643626014604
P26045_S357	976	2.968334344352506
P26368_S2	977	1.4193148216019331
P26373_S106	978	1.0545411131936149
P26599_T138	979	-1.0265123319279148
P26651_S184	980	1.0714084921825968
P26651_S188	981	-1.2856093508762676
P26651_S90	982	-1.5840386614899078
P26678_S16	983	4.603844181803378
P27824_T562	984	-1.1472752696635702
P28290_S737	985	-2.9676192243410124
P28290_S739	986	-2.2393227502736686
P28324_S180	987	1.6369813993421864
P28347_S11	988	2.3431964444698874
P28370_S116	989	1.131862315915816
P28715_S341	990	-1.1218511703983687
P29317_S897	991	1.567322329961998
P29590_S403	992	-2.0292829477796985
P29590_S504	993	-6.540186834642556
P29590_S505	994	-4.9990444838574195
P29590_S565	995	1.227545846484011
P29692_S162	996	2.765272267949637
P29692_T125	997	-4.098191243705518
P29966_S118	998	-3.862674436408728
P29966_S145	999	-2.7131802099269002
P30307_S216	1000	1.9306089789631766
P30414_S613	1001	2.0566016944010297
P30566_S9	1002	-1.6771160348801484
P30622_S147	1003	-1.0871154272469585
P30622_S200	1004	1.649887008332966
P30622_S312	1005	1.061342853333798
P31321_S77	1006	1.4021722939952088
P31629_S2083	1007	1.2750338204197345
P31943_S63	1008	2.3361910143396862
P32519_S163	1009	-1.6737411697704943
P33991_S3	1010	-2.7162608182358117
P33991_S31	1011	-3.4459952113133046
P34932_S76	1012	1.019549687021053
P35221_S652	1013	-2.327879132997648
P35222_S45	1014	1.829717471930099
P35251_S156	1015	-2.785370117182447
P35251_T110	1016	1.4747842832148166
P35269_S436	1017	1.5122511087359527
P35367_S275	1018	-1.319331276767782
P35568_S1143	1019	-1.0004544627417982
P35568_S531	1020	1.1271872841237158
P35568_T453	1021	1.170732861071368
P35579_S1714	1022	1.146201280788798
P35580_S1956	1023	1.615823343150879
P35580_T1960	1024	1.8205834309503182
P35611_S355	1025	-4.361084854951217
P35611_S358	1026	-3.9985523441005437
P35637_S340	1027	2.1226929510214934
P35659_S210	1028	1.0475854964746567
P36915_T50	1029	1.805212380143292
P37231_S112	1030	1.407533809782235
P38159_S280	1031	1.1018568054238145
P38159_S58	1032	1.9271104088124407
P39687_T15	1033	-3.23860328903425
P39880_S1216	1034	1.0018469500036336
P40123_S309	1035	-2.033031376910241
P40123_T299	1036	1.332086874620531
P40692_S477	1037	1.2332156776522805
P40763_T714	1038	-1.4789326677661983
P41162_S159	1039	1.3788484727718355
P41182_S333	1040	-1.065620388783099
P41212_S16	1041	2.5051125449339136
P41212_S22	1042	1.0787907805309
P41212_T18	1043	1.74611356328146
P41212_T31	1044	2.506346837388337
P41236_S121	1045	1.6540819547769452
P41236_S127	1046	2.0578205760186297
P42167_S66	1047	-2.697664162961047
P42167_S67	1048	-2.1476727352431446
P42696_S28	1049	1.0588237740024908
P42892_T25	1050	1.15382230064262
P43005_T515	1051	-1.5168560024593116
P43243_S188	1052	-2.594375749410858
P43243_S195	1053	1.1691271938709988
P43243_S598	1054	-2.9435212891148304
P43487_S21	1055	1.1131340341849807
P43487_S60	1056	1.0834509836657773
P45973_S14	1057	1.158734331442174
P46013_S1329	1058	1.36965105901705
P46100_S784	1059	-2.3283397881688686
P46379_S973	1060	-1.148875899014346
P46695_S31	1061	2.407345408691082
P46779_S115	1062	-2.962122435663151
P46783_T126	1063	1.0313607973833872
P46821_S1852	1064	2.563716999639084
P46821_S2098	1065	1.1627141793357865
P46937_S109	1066	-3.7424094996477013
P46937_S127	1067	-3.0235302331224503
P46937_S128	1068	-3.5897030248156234
P46937_S131	1069	-3.677218121889201
P46937_T110	1070	-2.610543418812309
P46937_T143	1071	-1.7615127820777978
P47712_S437	1072	-2.4729160356497673
P47755_S9	1073	2.416365568622858
P47914_S31	1074	2.6240481895467394
P48436_S223	1075	1.2640728952111342
P48551_S400	1076	1.024594659284519
P48634_S1085	1077	-1.128953062210094
P48735_S134	1078	-1.314553709282734
P49006_S116	1079	1.6569571725387178
P49006_S165	1080	2.6073484705283096
P49006_S184	1081	1.7736350552218667
P49006_S71	1082	-1.5936023970618898
P49006_T122	1083	1.3292852138549307
P49006_T148	1084	-2.4730484254494414
P49006_T178	1085	1.5719311722208307
P49023_S322	1086	-2.831299262966411
P49023_S332	1087	-2.266269073901668
P49023_S533	1088	-1.782520741963964
P49116_S46	1089	1.0533455709231347
P49321_T390	1090	1.2846376960863903
P49366_S78	1091	-3.8057388966993564
P49368_S252	1092	1.0052889803146545
P49711_S402	1093	-1.1204143589074
P49711_T374	1094	1.2715845740372824
P49711_T518	1095	-2.1728021468398264
P49736_S139	1096	2.2402088995328526
P49736_S26	1097	-1.9775292548630077
P49736_S32	1098	1.8271302504418028
P49736_T25	1099	-3.546540459705742
P49736_T39	1100	-1.3224624754217
P49756_S677	1101	-4.449764806967352
P49768_S366	1102	-2.338841281933833
P49790_S240	1103	1.6091895136484347
P49790_T369	1104	1.6565911245420093
P49792_S781	1105	-5.6993201493393215
P49792_S796	1106	-1.1430626380048547
P49796_S943	1107	-1.6604805738036656
P49796_T941	1108	-1.3105168405160939
P49815_S1130	1109	-1.148091320528085
P49916_S913	1110	3.8094056705365755
P50395_S61	1111	-1.0802330865086454
P50402_S143	1112	1.6694123794006206
P50402_S58	1113	-1.0658986674792654
P50402_S8	1114	1.7524153985739783
P50443_S12	1115	1.7773735932106085
P50502_S76	1116	2.5998838202162133
P50502_S79	1117	1.9156078650886936
P50548_S185	1118	-1.2017294910944916
P51003_S660	1119	-1.971925972014267
P51114_S406	1120	-1.7311249560437503
P51114_S409	1121	-2.2086968992115334
P51153_S178	1122	1.4050044152366947
P51397_S51	1123	1.3863014582525501
P51610_S2019	1124	1.037729728303594
P51636_S18	1125	3.2722200981452314
P51636_S20	1126	3.653236989514694
P51636_S23	1127	2.6492504686397833
P51858_S103	1128	1.2379013682755726
P51946_T315	1129	3.01483061747647
P52292_T61	1130	1.1685492202008145
P52569_S647	1131	1.0520450385893767
P52594_S167	1132	6.28793219592373
P52594_S179	1133	-2.195285946466317
P52701_S137	1134	1.1696133576613033
P52701_S227	1135	1.1073307745218521
P52756_S624	1136	1.2573302539746845
P52756_S78	1137	1.0916176398875468
P52948_S888	1138	1.106796281202577
P53004_S230	1139	2.111239422483729
P53007_S156	1140	-1.0799363842821705
P53999_S118	1141	1.120265725696095
P53999_S15	1142	-1.0881400278526474
P53999_S19	1143	1.6989073156488068
P53999_S58	1144	1.503525586096579
P54105_S102	1145	3.0382474866958535
P54252_S265	1146	1.43706516451895
P54252_T269	1147	1.1954450681129316
P54253_S238	1148	1.1623789622921414
P54284_S152	1149	1.4426436869845531
P54725_S92	1150	1.4559924093778047
P54727_S160	1151	-2.2799721469065695
P54727_T155	1152	-4.1749162217282905
P55010_S10	1153	1.1757635160386357
P55011_S940	1154	-1.2509528555702385
P55072_S197	1155	1.5176058489127247
P55081_S116	1156	1.0876609820814451
P55081_T267	1157	2.3875520715655085
P55199_S319	1158	-1.7628982921428644
P55201_S462	1159	1.0197562074397766
P55201_S891	1160	-2.1415528103080277
P55209_T62	1161	1.28433542054049
P55884_S85	1162	1.6171549464187045
P56537_S239	1163	1.0944841122791331
P56937_S337	1164	-1.079091419368968
P56945_S355	1165	2.0835372569575146
P56945_S428	1166	-2.904128969547374
P57678_S205	1167	2.2754573860540246
P57764_S185	1168	1.0292262661472336
P61006_S181	1169	1.123128844133948
P61289_S248	1170	1.5606910863647574
P61313_S187	1171	1.7339645862863708
P62241_T130	1172	1.265433077306156
P62256_S3	1173	-1.5647039948276902
P62258_S210	1174	1.570131501535645
P62258_S213	1175	1.854976369721669
P62258_T208	1176	1.714010011629334
P62753_S235	1177	-1.5102829085511829
P62753_S236	1178	-5.474357859684638
P62753_T241	1179	-2.1074924295724404
P62899_S98	1180	1.8588411495868655
P62995_T201	1181	-2.1854146743588885
P62995_T203	1182	-3.080482293369819
P63165_S2	1183	-4.836972714260735
P63313_T23	1184	2.1066977178478545
P67809_S165	1185	-3.9817651391570603
P67809_S167	1186	-2.157956286912258
P67809_S174	1187	-1.8829813832787323
P68363_S48	1188	1.193212274231966
P68366_S48	1189	2.345491762348596
P78310_S332	1190	-2.054319444786442
P78310_T329	1191	-1.7358799169973729
P78344_S395	1192	1.015083811710527
P82094_S72	1193	-1.4227069378772175
P82094_S77	1194	-1.1292339383742984
P82979_S168	1195	1.588520351396566
P83916_S89	1196	-3.397897892753436
P84098_S13	1197	1.0311518710071308
P84098_S189	1198	1.1628808173057799
P84103_S138	1199	5.804746812392063
P84243_S29	1200	-1.1008311611621977
P85037_S239	1201	1.069126200489725
P85037_S249	1202	1.7650082838660772
P85037_S253	1203	-1.546919693571283
P85037_S420	1204	-1.1400081087887948
P85037_S445	1205	-1.189697988364113
P85037_T245	1206	1.035932476501884
P98082_S227	1207	1.754663480906629
P98177_S261	1208	1.0974348131522333
Q00587_S101	1209	-3.7360861504627874
Q00613_S303	1210	-2.2545192823593823
Q00613_S307	1211	-1.8817302168530308
Q00613_S314	1212	-1.8541654465657587
Q00613_S320	1213	-2.1253353689914327
Q00613_S363	1214	-1.986656237462725
Q00839_S59	1215	1.4800088377993568
Q00839_S66	1216	2.560165285368468
Q01082_S2102	1217	-6.9120688997758055
Q01082_S2160	1218	1.228193020369142
Q01082_S2161	1219	1.2384335597641414
Q01082_S2165	1220	2.6580299671736256
Q01082_S2169	1221	1.5170879598778981
Q01082_T2320	1222	-3.259331810660866
Q01082_T2328	1223	-2.4130975452113343
Q01130_S189	1224	2.0085800470352098
Q01167_S424	1225	-3.098804496253491
Q01196_T14	1226	1.944742657900795
Q01518_S308	1227	-1.472369231369548
Q01518_T307	1228	-1.6405630677495218
Q01814_S1242	1229	1.4591544695300662
Q02108_S267	1230	1.2829476248874307
Q02241_S912	1231	-2.244552516837917
Q02410_S80	1232	2.528247218575391
Q02880_S1344	1233	1.0654216517369868
Q02880_S1524	1234	2.736559311806479
Q02952_S627	1235	-1.498446093770756
Q02952_S696	1236	-2.1996572706893804
Q03135_S9	1237	1.213693482991756
Q03252_S405	1238	-1.8771136995970856
Q03252_S419	1239	-2.0555145885541144
Q03252_T518	1240	1.1787236668455492
Q04637_S1596	1241	1.765931698195633
Q04726_S217	1242	1.193842394275201
Q05209_T509	1243	1.9092827519635165
Q05519_S207	1244	-2.41977518214237
Q05519_S434	1245	1.4687656180446744
Q05519_T325	1246	-1.7272450072650471
Q05D32_S9	1247	2.5753486910686245
Q06587_S140	1248	-1.860553059570499
Q07020_S130	1249	1.4828246545179233
Q07666_S18	1250	-5.067711866296646
Q07889_S1134	1251	-1.6482688990559389
Q07955_S199	1252	-1.3412120026756789
Q08357_S253	1253	1.9417573872389937
Q08357_S256	1254	2.8449208300640603
Q08357_S316	1255	-1.5829689585722875
Q08495_S16	1256	1.2794552403301012
Q08499_S197	1257	1.3779466681997334
Q08499_S202	1258	-4.447664525878402
Q08752_S198	1259	1.183993370691212
Q08945_S444	1260	2.4433932607666335
Q08999_S639	1261	2.3514115542989877
Q09161_T21	1262	-1.2421122871618824
Q09666_S210	1263	-1.930167863290663
Q0ZGT2_S80	1264	1.1959507859090426
Q12756_S1094	1265	1.2510362963303834
Q12770_S822	1266	2.090805868754762
Q12792_S143	1267	1.3900656526941244
Q12802_S1929	1268	-1.2344210231058366
Q12802_S2563	1269	1.036618296181219
Q12846_S14	1270	4.254372539346271
Q12846_S15	1271	1.4317472401058797
Q12846_S36	1272	1.089607685218322
Q12857_S268	1273	4.15278435420282
Q12872_S283	1274	1.9340420925777533
Q12888_S1430	1275	1.0543120310945078
Q12888_S380	1276	-1.6699110245828415
Q12888_S831	1277	-1.993754417762414
Q12893_S320	1278	-2.5065164142567564
Q12906_S482	1279	-4.265650047889915
Q12906_T504	1280	1.4965645545335935
Q12929_S625	1281	-1.2412693371670827
Q13017_S1173	1282	1.7124597291927532
Q13017_S1176	1283	-1.1470095275838332
Q13017_S1202	1284	1.4402687682427153
Q13033_S202	1285	-1.3365345914160685
Q13045_S436	1286	5.528263283579255
Q13098_S468	1287	-3.076254863311675
Q13098_S474	1288	-1.8921462410277883
Q13111_T259	1289	1.1241219056804663
Q13151_S84	1290	2.0046841957940664
Q13185_S93	1291	-3.5985819657593296
Q13185_S95	1292	-3.774571713343491
Q13242_S211	1293	-3.7180202690361526
Q13247_S192	1294	1.5195584227687942
Q13247_S265	1295	1.4976508242873603
Q13247_S314	1296	4.269006043813793
Q13263_S501	1297	1.1358098808402115
Q13263_S594	1298	-2.5185060074428645
Q13283_S149	1299	2.6304377968770503
Q13283_S230	1300	-5.585131038948401
Q13415_S383	1301	-1.6725238265803704
Q13427_S356	1302	2.447811740884058
Q13427_S745	1303	-1.5012327984427216
Q13435_S309	1304	2.1257145555334453
Q13435_S343	1305	-1.151242720012739
Q13442_S60	1306	3.8356529122592917
Q13442_S63	1307	1.0552192163079503
Q13443_T761	1308	-2.294940393428231
Q13469_S236	1309	1.2486072893307085
Q13469_T325	1310	-2.632379623938508
Q13472_S971	1311	1.4802172586257498
Q13501_S24	1312	-3.0480458877936876
Q13501_S272	1313	-4.992550672390074
Q13501_S277	1314	-2.181277723506277
Q13501_S370	1315	1.0004207514970656
Q13501_T339	1316	1.749570583635455
Q13541_S2	1317	-2.5032243482913117
Q13541_S44	1318	3.190014843718684
Q13541_S65	1319	-2.5041101244508717
Q13541_S83	1320	-1.6206623681867889
Q13541_S94	1321	1.2490672134733174
Q13541_T37	1322	2.355922776063583
Q13541_T45	1323	1.6122882434349215
Q13541_T68	1324	-1.4434123887293246
Q13541_T70	1325	-2.5590032854896485
Q13542_S44	1326	-2.4012404746039326
Q13547_S393	1327	2.0178654536481986
Q13547_S421	1328	1.7866748593070376
Q13547_S423	1329	1.0941537647146902
Q13573_S224	1330	3.277479505247836
Q13586_S512	1331	2.0676740133580456
Q13586_S519	1332	-5.045057027642104
Q13586_S521	1333	-2.848028723562731
Q13586_S621	1334	-3.753816669779665
Q13586_S628	1335	-1.0723388097403426
Q13586_S660	1336	2.3625134505165253
Q13586_T517	1337	-3.3158165671584605
Q13586_T626	1338	-4.804899437344455
Q13595_S260	1339	2.831677926690105
Q13595_S262	1340	8.99155263794862
Q13595_T202	1341	-2.1836911141608333
Q13595_T24	1342	-2.8422282618650243
Q13610_S50	1343	-3.2128769383293196
Q13613_S646	1344	-1.7232491402844659
Q13671_S11	1345	1.3017669338989037
Q13671_S16	1346	-1.4381376773923193
Q13671_S3	1347	1.9191674426020882
Q13671_S611	1348	1.1402639514905824
Q13769_S28	1349	-1.8670508963928594
Q13769_T30	1350	-1.064012073186488
Q13838_T172	1351	1.2373223409712129
Q13905_S296	1352	-1.2380500801935401
Q14103_S71	1353	-2.0396109731385366
Q14103_S80	1354	-2.137194726800095
Q14103_S83	1355	-4.5271679687582616
Q14103_S87	1356	-1.572612253302955
Q14135_S101	1357	-1.095045004097683
Q14135_S59	1358	1.241849930292732
Q14152_T574	1359	-1.6257322528908418
Q14155_S257	1360	-1.0937953534397309
Q14157_S477	1361	1.281929578624677
Q14160_S1306	1362	1.0117863463594823
Q14195_S518	1363	-3.4790213359675324
Q14195_S522	1364	-2.9952812946841476
Q14195_S539	1365	1.4953714272909497
Q14244_S254	1366	-1.5351572755456502
Q14247_S417	1367	-2.3850932095167163
Q14247_S418	1368	-4.4847777932377415
Q14247_S432	1369	1.1330501760115315
Q14247_T24	1370	1.0966898228307027
Q14247_T401	1371	-2.124532988588932
Q14247_T440	1372	1.0658730508975047
Q14432_S408	1373	2.3573382645016974
Q14451_S361	1374	-4.001145059814231
Q14451_S42	1375	-1.0568077504993258
Q14498_S136	1376	-5.316907898158885
Q14566_S762	1377	1.0658586014603575
Q14669_S77	1378	-3.249428559620286
Q14671_S806	1379	-1.1380095728697697
Q14676_S168	1380	1.7837941348407362
Q14676_S329	1381	-1.1896037569688662
Q14676_T301	1382	1.15810844514027
Q14676_T331	1383	1.9070103463940686
Q14676_T455	1384	1.0393271510649313
Q14677_S299	1385	-2.7703033743778107
Q14683_S360	1386	-1.0452651376789532
Q14683_S957	1387	-1.1854864543504675
Q14683_S966	1388	1.4798375235330319
Q14684_S245	1389	1.0150832106330707
Q14689_S94	1390	1.4657413052863273
Q14694_S576	1391	1.776727708728707
Q14739_S84	1392	-3.2555212358868957
Q14739_S97	1393	-3.6774615508401993
Q14764_S873	1394	-3.601602624374351
Q147X3_S55	1395	1.9629427337414018
Q14814_S106	1396	-1.0739195305110592
Q14814_S446	1397	3.4708323239027337
Q14847_T104	1398	1.37365563259997
Q14847_T68	1399	1.0325937324757142
Q14934_S289	1400	-1.499546652939932
Q14978_S622	1401	-4.104699728541281
Q14978_S698	1402	3.226201052778503
Q14C86_S566	1403	-1.129898256556821
Q14C86_S949	1404	-2.804598878184132
Q14C86_S966	1405	-1.3286000502004391
Q14C86_T470	1406	-2.8743515825544996
Q14C86_T762	1407	1.1463139262815591
Q14CS0_S56	1408	-1.0743064095352661
Q14CS0_T59	1409	-1.075392171972
Q14CW9_S129	1410	1.687079681550573
Q14CW9_S131	1411	1.3927980763859136
Q14CW9_S281	1412	1.5206814303873877
Q15003_S81	1413	1.4640316251486354
Q15019_S218	1414	1.7971782491735375
Q15020_S10	1415	-3.5862508173860057
Q15021_T1339	1416	1.5798301141347242
Q15022_S546	1417	1.04801010213572
Q15036_S409	1418	1.1387455957557098
Q15059_S563	1419	2.7265963390802312
Q15061_T394	1420	1.3272720733361503
Q15149_S4613	1421	-2.9731744573680867
Q15149_S4642	1422	-1.0759116245035454
Q15154_S1768	1423	3.79624572055328
Q15172_S41	1424	1.3610102300660127
Q15172_S42	1425	1.1506882118988884
Q15185_S113	1426	3.5739512861205682
Q15223_S422	1427	1.1686525997744006
Q15262_S856	1428	-1.603264215765627
Q15291_S350	1429	1.5870171174592222
Q15311_S34	1430	-2.8270909663716957
Q15311_S62	1431	1.7023257346399454
Q15311_T27	1432	-2.0947118756178362
Q15365_S173	1433	1.0427625336391593
Q15388_S138	1434	2.1574132588808084
Q15388_S55	1435	-1.6368753991110605
Q15398_S806	1436	1.3373982167002723
Q15424_S383	1437	1.2721093312708103
Q15434_S106	1438	1.5193829296361265
Q15435_S12	1439	-1.7815121461205692
Q15435_S24	1440	1.4746832944523014
Q15459_S329	1441	2.3653952892804373
Q15459_S359	1442	2.2802843387007243
Q15459_S413	1443	-1.0045649282530302
Q15459_S451	1444	-1.3667893878203774
Q15527_T195	1445	1.5920006541823124
Q15555_S219	1446	-2.123760747394593
Q15555_S222	1447	-1.458610110427287
Q15555_T217	1448	-1.001851052814116
Q15596_S499	1449	-2.744302384278935
Q15642_T302	1450	-1.1044851121872412
Q15648_S1479	1451	1.8605439565322772
Q15648_S1481	1452	1.7188515294054607
Q15651_S6	1453	-2.961008532282147
Q15652_S641	1454	-1.635040395001683
Q15653_S183	1455	1.702489947682631
Q15751_S2720	1456	-1.729304719599149
Q15758_S539	1457	1.7675560108089652
Q15776_S12	1458	1.082385565911066
Q15910_S380	1459	-1.8703143520239287
Q15910_S406	1460	-1.2991952104781
Q15910_T367	1461	-1.0345579010403352
Q15942_S259	1462	-2.43742688157068
Q16204_S240	1463	-2.0380623926661094
Q16204_S254	1464	1.1602984530457245
Q16204_S323	1465	-2.583774230875129
Q16204_S325	1466	-1.4955888991572568
Q16204_S327	1467	-1.4958568140350437
Q16204_T427	1468	-1.856420168186645
Q16204_T434	1469	-1.7016948542548356
Q16537_S32	1470	-1.7548364431032102
Q16555_S518	1471	-2.4913915869020418
Q16555_T521	1472	-1.736589387885065
Q16625_S310	1473	-2.1783171245054866
Q16625_S321	1474	-1.4817551098380957
Q16625_S358	1475	1.0775237074837722
Q16626_S114	1476	1.3155851599570507
Q16630_S525	1477	-1.5399434800991454
Q16630_T407	1478	1.2104181546149118
Q16637_S28	1479	1.0626532646014422
Q16637_S31	1480	1.236471424410869
Q16643_S337	1481	-4.907107025348175
Q16643_S601	1482	2.1960758856385496
Q16656_S136	1483	1.5406077365360087
Q16695_S11	1484	-1.0638850081286861
Q16695_T12	1485	4.907796489548309
Q16825_S590	1486	1.3803003177297288
Q16875_S461	1487	-3.1194618256932234
Q16875_T463	1488	1.2132462416225192
Q1ED39_S132	1489	1.789116784892654
Q1ED39_S42	1490	1.2181641114668267
Q1KMD3_S161	1491	-3.1269734240528315
Q1KMD3_T165	1492	-2.2695481306980874
Q2PPJ7_S820	1493	1.103361456953193
Q32MZ4_T65	1494	-1.9912449820707234
Q3B726_S316	1495	-2.9660732183712373
Q3KQU3_S113	1496	-1.5883119616119359
Q3YEC7_S640	1497	1.0151733090174222
Q49A26_S167	1498	-1.9336033468497806
Q4G0F5_S304	1499	-1.2221898145474999
Q4G0J3_S258	1500	-1.5485476524483666
Q4KMP7_S132	1501	-2.5882492795048986
Q4KMP7_S658	1502	1.163337193952744
Q4KMP7_S687	1503	-1.3259963618942372
Q4KMP7_T148	1504	-2.5274205957842444
Q4KMP7_T713	1505	1.204664067121552
Q4KMQ1_S362	1506	-1.1247920028419607
Q52LW3_S1144	1507	1.054488040678276
Q52LW3_S559	1508	1.6529798461743717
Q52LW3_T570	1509	1.0840618818871324
Q53ET0_S433	1510	1.9575909896323473
Q53EZ4_S425	1511	1.5856375100950544
Q53F19_S500	1512	-1.141451192403041
Q53H47_S508	1513	-1.0891412946776349
Q53H80_S21	1514	1.0349223812693769
Q53T59_S139	1515	1.190358101198333
Q56NI9_S244	1516	-1.1715604020674473
Q5BJH7_T13	1517	1.4512490489419303
Q5F1R6_S283	1518	1.033563243877687
Q5H9R7_S524	1519	-1.6453787468372258
Q5H9R7_S617	1520	1.9016508297878225
Q5J8M3_S32	1521	1.799562801219217
Q5J8M3_S36	1522	1.2916685340041258
Q5JPI9_S21	1523	1.1915544762311736
Q5JRA6_S1539	1524	-1.1356468544330642
Q5JSH3_S561	1525	-2.736700616565699
Q5JSH3_S563	1526	-2.48969723152406
Q5JTH9_S1080	1527	2.2144849391432775
Q5JTV8_T220	1528	-2.7188248208911237
Q5JXC2_S303	1529	1.3466593836311471
Q5PRF9_S238	1530	-1.761612918636322
Q5QJE6_S184	1531	1.367310172030134
Q5QJE6_T129	1532	1.7169320053268038
Q5QP82_S92	1533	-2.975145313834343
Q5R372_S480	1534	1.8570043367771092
Q5SQI0_S272	1535	2.0267561469991566
Q5SQI0_S276	1536	2.239465624632855
Q5SSJ5_S6	1537	4.891931913921212
Q5SW79_S1160	1538	-3.9859501825027035
Q5SW79_S379	1539	-4.2804884597971284
Q5T011_S2136	1540	1.181406908906336
Q5T0B9_S404	1541	1.0275348679753389
Q5T0N5_S501	1542	-3.0919802862394405
Q5T0N5_S505	1543	-1.8838416343750328
Q5T1M5_S956	1544	1.0789884049136056
Q5T1V6_S160	1545	1.9379557082804197
Q5T3I0_S130	1546	-1.6904158414645458
Q5T5P2_S353	1547	-1.0004303096122662
Q5TC82_S535	1548	2.0221434864615127
Q5TDH0_S128	1549	1.472841588801959
Q5TGY3_S1399	1550	-1.9973134845595943
Q5UIP0_S1422	1551	-2.223025167361193
Q5VIR6_S377	1552	1.4516173901512346
Q5VSL9_S59	1553	1.0292690478577633
Q5VT52_S479	1554	-2.437064298286046
Q5VT52_T482	1555	-2.4320394420838216
Q5VTL8_S318	1556	1.0580538685139782
Q5VTL8_S473	1557	-2.5060592803619137
Q5VTL8_S475	1558	-3.2302635769136057
Q5VTL8_S529	1559	-1.7191617165634376
Q5VTR2_S522	1560	-1.9268785005602247
Q5VUA4_S527	1561	3.0442301675607393
Q5VV41_S6	1562	-2.7117728181948006
Q5XUX1_S18	1563	2.0807647433548766
Q63HQ0_S174	1564	1.6393619045211958
Q63HQ0_T181	1565	-1.5270683712471413
Q63ZY6_S143	1566	-4.655318495569121
Q641Q2_S539	1567	1.1544746502731353
Q641Q2_S544	1568	1.5270146240280678
Q641Q2_S728	1569	1.1909130948076783
Q658Y4_S671	1570	-3.2291174520270634
Q66K64_S314	1571	-1.0432199922957555
Q66K74_S640	1572	1.1139816727123222
Q684P5_T593	1573	4.474462091220666
Q68DK7_T386	1574	-1.5474706196218282
Q68DK7_T396	1575	1.6117072624196567
Q69YQ0_T158	1576	1.391582050042496
Q6GYQ0_S861	1577	-1.2597332026147168
Q6IBW4_T213	1578	1.3174656007433185
Q6ICG6_S267	1579	-1.0438613671832684
Q6ICG6_S276	1580	1.9012476325463865
Q6ICG6_S351	1581	2.6371215549701166
Q6ICG6_S353	1582	-1.2204182585615513
Q6IQ20_S43	1583	1.1363631779461407
Q6IQ23_S536	1584	-1.958222979185475
Q6ISB3_T211	1585	-3.705843901694683
Q6KC79_S274	1586	-2.3896955607098302
Q6MZP7_S314	1587	1.3377731019656753
Q6NUK4_S242	1588	-2.6021933404263073
Q6NUK4_T201	1589	2.2207430937296984
Q6NYC8_S490	1590	1.3360508857604163
Q6NZI2_S300	1591	1.3916409843178297
Q6P1M3_S965	1592	3.7970920104816983
Q6P1Q9_T154	1593	1.790541235161859
Q6P2E9_S918	1594	-3.3940419066851906
Q6P3S1_S653	1595	1.3935847677550282
Q6P5R6_S118	1596	1.8857273248484017
Q6P5R6_S120	1597	1.9987766670056324
Q6PCB8_S309	1598	1.7319333883854213
Q6PD62_S1097	1599	1.4514012159424077
Q6PD62_S941	1600	4.006013583825164
Q6PIY7_S95	1601	1.0216797251887986
Q6PJT7_S343	1602	-1.8063388343594333
Q6PJT7_S533	1603	1.412367661413267
Q6PKG0_S517	1604	-2.6620302996240532
Q6PKG0_S627	1605	1.5904483031698966
Q6PKG0_S631	1606	1.2709941393832107
Q6PL18_S337	1607	-1.4852303516102108
Q6RFH5_S382	1608	-1.5482435099269498
Q6UB99_S1983	1609	3.3710894769205026
Q6UN15_S492	1610	-2.6085202188579224
Q6UN15_S559	1611	2.693661549707363
Q6UN15_T494	1612	-2.1310707658139414
Q6UUV9_S158	1613	1.5923409791662664
Q6UXY1_S429	1614	2.6083253314650765
Q6WCQ1_S220	1615	1.4288828884276992
Q6WKZ4_S435	1616	-1.40262098983834
Q6Y7W6_S19	1617	-2.174030451142565
Q6Y7W6_S236	1618	-1.9731516311027875
Q6ZN18_S206	1619	-2.593182442970148
Q6ZNJ1_S2739	1620	-3.244706515633
Q6ZQN7_S16	1621	1.0305716156036109
Q6ZSS7_T10	1622	1.486569851192245
Q6ZU65_S250	1623	1.708950235544588
Q6ZUT6_S392	1624	1.198084316691146
Q6ZWT7_T474	1625	-2.759476429672697
Q70CQ4_S1060	1626	3.7653686112780758
Q765P7_S601	1627	1.6133797684037603
Q7L014_S346	1628	2.25560253867641
Q7L1Q6_S411	1629	2.025432202739074
Q7L2J0_T213	1630	-2.0504336711482356
Q7L4I2_S104	1631	-2.6819903959331697
Q7Z2K6_S53	1632	-4.783738684650219
Q7Z2W4_S275	1633	-2.823338629767445
Q7Z2W4_T273	1634	-1.8322676844164594
Q7Z309_S115	1635	3.087805417886912
Q7Z3C6_S735	1636	-3.119009808070505
Q7Z417_S212	1637	-1.0934362585832744
Q7Z417_S652	1638	1.4187534627053857
Q7Z422_S37	1639	-2.6481744613411244
Q7Z460_S1091	1640	-1.9806030801273327
Q7Z460_S646	1641	-5.739348025654568
Q7Z5L9_S457	1642	-1.0163778263412215
Q7Z5L9_S460	1643	-4.835576989436785
Q7Z698_S206	1644	1.1938866172964957
Q7Z6J0_S323	1645	-2.217054249671863
Q7Z6Z7_S1907	1646	1.066253542581137
Q7Z6Z7_S648	1647	1.0062710900147316
Q7Z6Z7_S649	1648	1.0654543877940768
Q7Z7A3_S200	1649	1.11709152283405
Q86SQ0_S203	1650	-2.229163719025248
Q86SQ4_S1168	1651	1.106571029290194
Q86UU0_S116	1652	1.219930786554956
Q86VI3_S1424	1653	-1.644836836991301
Q86VQ1_S30	1654	1.2037436212030013
Q86VQ1_S76	1655	1.7789882206015495
Q86VR2_S320	1656	1.1824866553243645
Q86VS8_S707	1657	3.516809925483459
Q86W92_S999	1658	1.687610244703908
Q86WB0_S338	1659	-1.1322269239036853
Q86WB0_S407	1660	-5.243582613060527
Q86WB0_S410	1661	-1.4433590936662526
Q86WB0_S58	1662	-1.5588710782175532
Q86WR0_S204	1663	2.1207748927579644
Q86WR7_T45	1664	1.3259097637010768
Q86X10_T734	1665	1.2002599024175886
Q86X29_S365	1666	1.4101544116092555
Q86X29_S432	1667	-1.9874317301657065
Q86X29_S530	1668	1.3792916240094968
Q86X29_S643	1669	1.161274943566628
Q86X29_T514	1670	-2.1343346774824994
Q86X95_S202	1671	1.384359958306847
Q86Y82_S139	1672	-1.355070134177069
Q86YI8_S127	1673	-3.29256273599127
Q86YS7_S659	1674	1.4464969011478708
Q86YS7_S662	1675	1.296442360106946
Q8IU81_S436	1676	-3.6912522645352954
Q8IU81_S453	1677	-3.7147135633536
Q8IUD2_S17	1678	-1.445810368310191
Q8IV32_S208	1679	1.021539258522445
Q8IV32_S97	1680	1.0897115254102108
Q8IV36_T671	1681	-2.288890747038648
Q8IV50_S5	1682	1.6545192920271674
Q8IVE3_S459	1683	-1.1775263503540483
Q8IVH2_S554	1684	1.4384425573177761
Q8IVT2_S394	1685	-3.1733453820182405
Q8IWU2_S1107	1686	3.0782087736794157
Q8IWW6_S213	1687	-1.0654130590074438
Q8IWW6_S592	1688	1.6372098794572434
Q8IWW6_T231	1689	2.90694074672866
Q8IWZ8_S411	1690	1.269194352041147
Q8IWZ8_S485	1691	1.2023433550766427
Q8IX15_T451	1692	1.2893447420347783
Q8IY22_S349	1693	-1.6324404988477212
Q8IY33_S143	1694	-1.4427577368817275
Q8IYB3_S380	1695	2.269495804222821
Q8IYB3_S402	1696	3.1396029383012625
Q8IYB3_S414	1697	-2.2661170762196363
Q8IYB3_S450	1698	-1.1047166386682612
Q8IYB3_S605	1699	4.355965657182692
Q8IYB3_S626	1700	4.14914793384893
Q8IYB3_S628	1701	-1.1117848279305864
Q8IYB3_S636	1702	1.7315289242768674
Q8IYB3_S665	1703	4.028746903056515
Q8IYB3_S675	1704	-1.1504778635477528
Q8IYB3_S683	1705	1.417901270670626
Q8IYB3_S725	1706	2.166901491976759
Q8IYB3_S738	1707	-2.6400060493770106
Q8IYB3_S740	1708	-1.0539262696008844
Q8IYB3_S769	1709	2.0757616055159342
Q8IYB5_S207	1710	-1.5644652548621139
Q8IZ21_T432	1711	1.2431979272992226
Q8IZ69_S602	1712	-1.0442114812157346
Q8IZP0_S183	1713	-1.3828387761875618
Q8IZP0_S222	1714	-2.544986547996544
Q8IZP0_S225	1715	-5.614323132049956
Q8IZP0_S323	1716	-6.5280379607426
Q8IZP0_T170	1717	-1.4250667315012322
Q8IZP0_T191	1718	1.2824476346854645
Q8N163_S124	1719	1.2196549434732198
Q8N1F7_S80	1720	-1.0578646405023555
Q8N1G0_S1191	1721	1.2097873456593113
Q8N1G2_S31	1722	2.007568825508974
Q8N1G2_S53	1723	-1.2992674472536176
Q8N1G4_S518	1724	1.1935241832926948
Q8N1G4_S520	1725	1.0027300104411196
Q8N2F6_S45	1726	1.6559553373917844
Q8N2Y8_S519	1727	1.4301054979718106
Q8N3F8_S644	1728	-1.4202713208813371
Q8N3F8_T467	1729	-1.7829163034422493
Q8N556_S342	1730	-1.310091986152468
Q8N556_S679	1731	1.0998533332463634
Q8N565_S213	1732	2.000714020689788
Q8N573_S202	1733	-1.4231158942213984
Q8N573_T203	1734	-1.2710440899298643
Q8N5C8_S60	1735	2.5420512796103196
Q8N5F7_T161	1736	1.1525218299146207
Q8N5P1_S77	1737	2.3131244543989276
Q8N5P1_T32	1738	1.7569407505235528
Q8N5Y2_S398	1739	-1.6999893611926353
Q8N6H7_S368	1740	1.1436007195971012
Q8N6N3_S158	1741	1.5425839608613519
Q8N6T3_S361	1742	1.748033451349201
Q8N6T3_S363	1743	1.1715928603438144
Q8N6T3_T189	1744	-2.6081092914873008
Q8N6T7_S330	1745	2.089208012334666
Q8N7R7_S105	1746	-1.9569165898473333
Q8N8Q3_T258	1747	1.0245404257656965
Q8N8S7_T502	1748	-3.5049741779669077
Q8N9N5_S90	1749	1.0797293587675192
Q8N9Q2_S145	1750	1.1158680923089506
Q8N9U0_S137	1751	-1.188390454716835
Q8NA72_S109	1752	1.4437019453784536
Q8NAV1_S226	1753	-2.898342320247025
Q8NB16_S125	1754	1.227340807339223
Q8NB78_S17	1755	1.0131944691929746
Q8NBN3_S540	1756	1.7340334221498157
Q8NC44_S344	1757	1.0260101837707651
Q8NC51_S394	1758	1.3470092138891339
Q8NC51_T388	1759	1.6956033905871326
Q8NC56_S139	1760	1.2679964866665312
Q8NC56_S496	1761	-3.311688732045262
Q8NC56_S5	1762	1.2594742562961674
Q8NC74_S145	1763	1.2571646971821338
Q8NCD3_S201	1764	-1.4927313768785506
Q8NCD3_S595	1765	1.0319866728257683
Q8NCG7_S584	1766	-3.583122465859544
Q8ND04_T657	1767	1.4111146990845356
Q8ND24_S511	1768	-1.2653221079420636
Q8ND56_S178	1769	-3.346116368377455
Q8ND76_S73	1770	1.0208463490728406
Q8ND82_S227	1771	1.6188008151692355
Q8NDX5_T609	1772	-1.6546630226633674
Q8NE01_S661	1773	-1.1346974598519992
Q8NEA6_S182	1774	2.433553444896587
Q8NEA6_S187	1775	4.70230888939426
Q8NEJ9_S142	1776	1.1125477253154692
Q8NEM2_S42	1777	2.948232612313733
Q8NEM7_T494	1778	-1.445781477964596
Q8NFH5_S66	1779	-2.2106514499585987
Q8NFH5_T106	1780	1.3728677054252998
Q8NFH5_T273	1781	-1.3982401873303942
Q8NFH8_S463	1782	-1.0997024725739024
Q8NFH8_S466	1783	1.088555011299265
Q8NFJ5_S301	1784	-3.364666236911745
Q8NHG8_S145	1785	1.5957915648612122
Q8NHM5_S1031	1786	2.3541747512777675
Q8TAD8_S396	1787	1.3527021692525008
Q8TAD8_S54	1788	-4.129571243851318
Q8TAP9_S66	1789	-1.7162956011531563
Q8TAP9_T120	1790	1.2309703517438582
Q8TBB5_S413	1791	2.037452730884045
Q8TBB5_S418	1792	-1.1642630058320567
Q8TBB5_S424	1793	1.119096531703697
Q8TBC3_S649	1794	-1.9714347715369485
Q8TBM8_S67	1795	-1.3642448282732769
Q8TBZ3_S357	1796	-1.784778475421291
Q8TBZ3_T358	1797	-3.887337383268717
Q8TC76_S173	1798	1.9749677921798128
Q8TCJ2_S499	1799	-1.5666509008782405
Q8TD16_S568	1800	2.201637005903544
Q8TD16_T319	1801	-1.9719237477552607
Q8TDD1_S75	1802	1.514649330555244
Q8TEA8_S196	1803	-1.5117157763289661
Q8TED9_S747	1804	-1.0289328995682503
Q8TEK3_S902	1805	-1.3979289460156998
Q8TEQ6_S778	1806	1.6561062000415205
Q8TEV9_S489	1807	2.447623882532099
Q8TEW0_S692	1808	-1.5796663976667382
Q8TEW0_S887	1809	2.5230833306385794
Q8TF01_S290	1810	-2.027251353488321
Q8WU79_S240	1811	1.3680384299854857
Q8WU90_S381	1812	1.70486997999652
Q8WUA2_S178	1813	1.309942477901913
Q8WUA2_T182	1814	1.565485880284136
Q8WUA4_S901	1815	1.4550140901723108
Q8WUA7_T51	1816	1.0746256938308996
Q8WUF5_S291	1817	2.5126666084250004
Q8WUF5_T123	1818	1.0632321745899986
Q8WUM0_S57	1819	-5.178870566359061
Q8WUM9_S269	1820	1.423880041035753
Q8WUQ7_S73	1821	2.073089407268471
Q8WVC0_S162	1822	-2.346305646399566
Q8WVC0_S212	1823	2.388185785030389
Q8WVC0_S279	1824	2.810833798297047
Q8WVC0_T188	1825	1.3605490985953033
Q8WVK7_S101	1826	1.1251605141241612
Q8WVV9_S35	1827	1.3365316907609408
Q8WWI1_S805	1828	1.2453632971586455
Q8WWY3_S445	1829	1.6896366250312802
Q8WX93_S1118	1830	-2.0639398678539482
Q8WXG6_S1239	1831	1.3049012267575062
Q8WXH0_S4108	1832	1.3438380221684785
Q8WXH0_S6361	1833	-1.269085948395933
Q8WXI9_S334	1834	-2.53796129262928
Q8WY36_S704	1835	-1.4623893365316007
Q8WYK2_T148	1836	2.583716343229222
Q8WYL5_S978	1837	-8.609389269710524
Q8WYP5_S1218	1838	-1.179047189401338
Q8WYQ5_S275	1839	1.7209784857858015
Q8WYQ5_S8	1840	1.156128047577635
Q8WZ73_S242	1841	1.2101086000722194
Q8WZ73_T245	1842	1.7220024975381936
Q92504_S276	1843	2.316466994076512
Q92538_S1318	1844	-1.6098456135958905
Q92574_S1100	1845	1.5079710818060015
Q92575_T489	1846	1.8927991606821308
Q92597_S364	1847	-2.4385747087614345
Q92598_S809	1848	-4.49952041803126
Q92614_S1998	1849	1.2612593367764777
Q92614_T1008	1850	-3.4429104556293906
Q92615_S434	1851	3.62402822816842
Q92615_S599	1852	-2.881247733022356
Q92615_S731	1853	2.864029050197411
Q92615_T732	1854	2.927168659509592
Q92685_S11	1855	-4.162549763589546
Q92729_S853	1856	1.5625983924075335
Q92733_S157	1857	3.7891443046181195
Q92733_S159	1858	2.7814659126918766
Q92733_S267	1859	2.235677947822534
Q92733_T261	1860	2.0169446897871737
Q92769_S422	1861	4.30186707577729
Q92769_S424	1862	2.5911473088467947
Q92785_T176	1863	1.969616149607834
Q92793_S1763	1864	2.1150162949464715
Q92793_S2351	1865	-2.2820129155387896
Q92797_S494	1866	-2.065227037074921
Q92870_S334	1867	1.489049575176164
Q92882_S202	1868	1.2736719764366367
Q92882_S213	1869	-1.495053314476399
Q92945_S132	1870	-1.1841471008271558
Q92945_S181	1871	-2.7792506055230337
Q92945_S274	1872	1.3878815190253615
Q92974_S151	1873	-1.2555317971545588
Q92974_S645	1874	-1.708545383011863
Q92974_S956	1875	4.762086308436036
Q92993_S199	1876	1.4674028505957253
Q92997_S125	1877	-3.6305129382874153
Q92997_S48	1878	1.2638716854465155
Q93009_S18	1879	1.3699862379268026
Q93100_S701	1880	-3.0214509562588656
Q93100_T702	1881	-1.8321157562884807
Q969G3_S353	1882	-2.207724507662359
Q969H4_S300	1883	-3.3702037086215935
Q969R8_S220	1884	-1.8735966632914547
Q969S2_S68	1885	2.1578582383751694
Q969S2_T70	1886	1.397194043066584
Q969T4_S8	1887	1.1307901686441024
Q969V6_S312	1888	1.3606718653450507
Q969V6_T450	1889	1.7672742276781204
Q96A73_T179	1890	-2.1985704115557354
Q96AT1_S50	1891	2.243353785182695
Q96B01_S120	1892	1.324666727942473
Q96B23_S143	1893	-1.8212275936316686
Q96B23_S39	1894	1.333643411130172
Q96B23_S66	1895	-3.1175502567117466
Q96B36_S88	1896	2.4056647917340808
Q96B36_T90	1897	2.0794115165195066
Q96BD0_S34	1898	2.2404620233263532
Q96BD0_S40	1899	-3.1371759751110595
Q96BD0_T37	1900	-1.0934259831381539
Q96BD5_S455	1901	-3.0502833479226137
Q96BJ3_S162	1902	2.2882521052965803
Q96BY7_S497	1903	-1.4840223860038027
Q96C24_S274	1904	-2.1655828734258957
Q96C92_S247	1905	2.027016089184853
Q96CB9_S206	1906	1.039122174171501
Q96CC6_S8	1907	-2.5253871327681754
Q96CP6_T277	1908	-1.3951480412774266
Q96CV9_S513	1909	1.0262340367127045
Q96CX2_S185	1910	1.3916663103673326
Q96D46_S462	1911	3.168348539513408
Q96D46_S468	1912	-1.2673267137145654
Q96D46_T470	1913	1.1141585582728233
Q96D71_S272	1914	-3.589965163301846
Q96D71_S273	1915	-2.316571496446876
Q96D71_S392	1916	1.7571436976932127
Q96D71_S535	1917	-1.658532928818051
Q96D71_S540	1918	-1.502573109403043
Q96E09_S35	1919	-2.173704957306766
Q96E09_S37	1920	-1.781160809485801
Q96EB1_S37	1921	-1.3883222680955516
Q96EB6_S615	1922	-1.0681853872020248
Q96EN8_S530	1923	1.1365087802162996
Q96EY5_S192	1924	1.163072929999874
Q96EY5_S202	1925	1.4106180583049674
Q96EY5_S208	1926	1.9033913221781482
Q96EZ8_S22	1927	-2.4517634073691674
Q96F24_S113	1928	-1.3601611039338461
Q96F24_S116	1929	-1.133406169037034
Q96F24_S120	1930	-1.6116785717910993
Q96FV9_S2	1931	1.0676343326970184
Q96FW1_S16	1932	1.4477590162434346
Q96FZ2_S160	1933	1.2454718378288305
Q96GY3_S138	1934	-2.6907701199826217
Q96H79_S257	1935	-1.148510974476773
Q96HB5_S331	1936	1.6707561648832758
Q96HC4_S217	1937	2.1108210371890053
Q96HC4_S228	1938	1.7333246061692194
Q96HC4_S309	1939	-2.0241592257895356
Q96HH9_S44	1940	-1.509353018306916
Q96HN2_S107	1941	1.2524924310562504
Q96HR3_T3	1942	1.0310808099075004
Q96HR8_S315	1943	1.5829842992355765
Q96I25_S155	1944	1.7341817624381086
Q96I25_T71	1945	1.0650566855100667
Q96IZ7_S61	1946	1.9488147220805825
Q96JG6_S15	1947	-2.113065070897486
Q96JG6_S496	1948	-1.4409661816309107
Q96JH7_S998	1949	1.7246506358831049
Q96JM3_S184	1950	-1.3534758651583232
Q96JM3_S204	1951	1.3160457571337965
Q96JM3_S427	1952	-2.466495650119759
Q96JM3_S436	1953	1.1349702620491318
Q96JM3_S507	1954	1.0576343778850408
Q96JM7_S608	1955	-1.8950552447802291
Q96JN0_S37	1956	1.8315319722764016
Q96JP5_S103	1957	-3.022651562318533
Q96K21_S144	1958	-1.0743232251177357
Q96KC8_S484	1959	1.0717925504106969
Q96KN1_T289	1960	-2.9301753516024363
Q96LA8_T21	1961	1.078920582887548
Q96LW4_S255	1962	-3.06925483291214
Q96N66_S459	1963	-1.4886937798254163
Q96PD2_S606	1964	1.3660412569359188
Q96PD2_T734	1965	2.039140860799371
Q96PE2_S735	1966	1.460580588812583
Q96PK6_S520	1967	1.067285818901178
Q96PU5_S342	1968	-3.5305493674926396
Q96PU5_S446	1969	-1.276717299262467
Q96PU5_S448	1970	-3.7958013565308377
Q96PU5_S449	1971	-1.881517128699091
Q96PU5_T367	1972	-1.984854727723345
Q96PY5_T202	1973	-2.7648450578854966
Q96Q05_S953	1974	1.4368038945814021
Q96QC0_S545	1975	1.266859154313833
Q96QF0_S288	1976	-2.380348010161706
Q96RN5_T603	1977	1.5459664198797824
Q96RT1_T485	1978	1.0121796655078228
Q96S38_S664	1979	1.44341450791676
Q96S53_S367	1980	1.047070243150129
Q96S90_S99	1981	1.587774621086707
Q96SI9_S465	1982	3.088828185982644
Q96ST2_S315	1983	1.2923156786670873
Q96ST2_S398	1984	2.8897559815299516
Q96ST2_S438	1985	3.9407753994178503
Q96ST2_S440	1986	-1.0533963768719588
Q96ST2_S511	1987	1.8972372359029386
Q96ST2_S720	1988	-1.862461202141116
Q96ST2_T721	1989	-1.014683799042622
Q96T37_S670	1990	2.7753282521866875
Q96T60_S126	1991	1.939072503718835
Q96T60_T118	1992	-1.3841627048466343
Q96T60_T122	1993	1.9083743971796672
Q99081_S545	1994	1.3090691036616349
Q99442_S313	1995	3.291983300577055
Q99442_S335	1996	-2.2441710045780763
Q99442_S341	1997	-1.848446648025437
Q99442_T343	1998	-2.229191719751375
Q99442_T375	1999	-2.6660232084340656
Q99459_S303	2000	1.0094427834189421
Q99459_T377	2001	1.3024517247463638
Q99460_S315	2002	1.0467658438872665
Q99460_T311	2003	1.3271459205951128
Q99496_S143	2004	5.369165936368974
Q99496_S41	2005	1.549010957897627
Q99536_S18	2006	1.4204196915848186
Q99536_S44	2007	2.4436627215989386
Q99543_S60	2008	2.3422038314550413
Q99567_S35	2009	-2.1380406031590713
Q99567_S46	2010	-1.3612449595474363
Q99567_T525	2011	1.2854443318726343
Q99590_S796	2012	-2.504926328277472
Q99618_S68	2013	-1.7436642821785462
Q99618_T70	2014	-1.0924368141051986
Q99700_S558	2015	1.9477292828928991
Q99700_S692	2016	2.3445389596247885
Q99729_S242	2017	1.3939752535194057
Q99733_S121	2018	1.7346237332454315
Q99733_S125	2019	1.069865958618685
Q99733_T117	2020	4.680387723282202
Q99959_S151	2021	-3.496915358736187
Q99959_S155	2022	1.460318340784882
Q99959_S82	2023	-1.2008967726489672
Q9BPX3_S975	2024	2.5092535414919084
Q9BQ52_S199	2025	-1.3441893074245854
Q9BQ89_S189	2026	-1.9112632290346454
Q9BQQ3_T216	2027	-1.956287763390204
Q9BRD0_T135	2028	1.3245686420117533
Q9BRP0_S269	2029	1.4255399945424312
Q9BRQ0_T66	2030	1.2545859140447995
Q9BRS8_S451	2031	2.9291775991046425
Q9BRS8_S56	2032	1.527419749138975
Q9BRT3_S97	2033	1.6618237679591807
Q9BSF8_S75	2034	1.8511828063979845
Q9BSQ5_S164	2035	1.6809549495342555
Q9BSV6_S136	2036	1.361065932934375
Q9BTA9_S266	2037	1.1531272862060007
Q9BTA9_S64	2038	1.8578798700351147
Q9BTC8_S428	2039	-1.0538821444366668
Q9BTL3_S36	2040	1.367467293595105
Q9BTV7_S105	2041	1.4444658811626923
Q9BU76_S235	2042	-2.1054922483208873
Q9BUA3_S148	2043	3.168071234145298
Q9BUA3_S248	2044	-1.1545661950561286
Q9BUA3_S55	2045	1.2058154813784459
Q9BUQ8_S107	2046	1.9040699911877965
Q9BV36_S552	2047	-2.1732436250069025
Q9BVC5_S189	2048	-1.524483146195891
Q9BVC5_S193	2049	1.2296858935020456
Q9BVL2_T331	2050	2.2582883231723017
Q9BVS4_S337	2051	1.4491621226143554
Q9BVS4_S382	2052	1.2651358447809997
Q9BVV8_S117	2053	1.3281843782354859
Q9BW04_S21	2054	2.115828951613267
Q9BWT3_S525	2055	-1.1233986393437458
Q9BXB5_S201	2056	1.2931617690991626
Q9BXB5_S209	2057	1.006335394740379
Q9BXB5_S223	2058	1.2557259941884986
Q9BXK1_S99	2059	-1.9992794526812165
Q9BXK5_S298	2060	-1.144954312634125
Q9BXK5_S303	2061	-1.3384647324665764
Q9BXK5_S426	2062	1.223290833893147
Q9BXP5_S67	2063	2.82515458465196
Q9BXW9_S1401	2064	1.049598389156266
Q9BY44_S524	2065	1.8736974458635025
Q9BYG3_S247	2066	1.328172560668305
Q9BYV8_S121	2067	-1.4267506921669675
Q9BYW2_T1853	2068	1.6404595925374235
Q9BZL4_S399	2069	2.4589638201333184
Q9BZL4_S404	2070	3.355770600479696
Q9BZZ5_T460	2071	1.547679949952565
Q9C0B5_S296	2072	1.339297963753621
Q9C0B5_S401	2073	1.7709349888737336
Q9C0B5_S432	2074	-1.8064265015449674
Q9C0C9_S836	2075	-1.74944696008024
Q9C0D5_S448	2076	1.112236688360369
Q9GZV5_S69	2077	2.1280390231809534
Q9GZV5_S87	2078	-1.615503859211458
Q9GZV5_S89	2079	-6.051204212552809
Q9GZV5_S90	2080	-6.30617872391187
Q9GZY8_S155	2081	-1.8164929297410133
Q9H019_S238	2082	1.3138889555054867
Q9H0B6_S608	2083	-2.322618496142116
Q9H0B6_S610	2084	-1.936302787085701
Q9H0D6_S499	2085	2.879659749464791
Q9H0D6_S501	2086	1.3466147473992969
Q9H0G5_S248	2087	2.8250076087558984
Q9H0G5_S291	2088	1.4063437572414905
Q9H0G5_S33	2089	1.3173620121821905
Q9H0H5_T277	2090	1.8817122255452343
Q9H0S4_S9	2091	-1.9015143863065695
Q9H0W8_S2	2092	-1.5189187946185
Q9H1B7_S662	2093	1.1314023073325714
Q9H1E3_S113	2094	1.3684563340098315
Q9H1E3_S19	2095	-3.8623075947894456
Q9H1E3_S223	2096	-6.9872076859182055
Q9H1E3_S234	2097	1.6534398012503413
Q9H1E3_S30	2098	-2.2368963363157874
Q9H1E3_S54	2099	-3.1559985717273182
Q9H1E3_S58	2100	-1.8781116081006743
Q9H1E3_S73	2101	2.817262900672514
Q9H1E3_T202	2102	1.0690957642120829
Q9H1K0_S230	2103	1.0739506873885336
Q9H2H9_S49	2104	1.8668344598214404
Q9H2H9_S52	2105	1.3110523258658215
Q9H2P0_S409	2106	2.0675141822118928
Q9H307_S690	2107	-3.185169621249564
Q9H3H1_S443	2108	-2.79787039498677
Q9H3Q1_S140	2109	-2.3698373952313982
Q9H3Q1_S141	2110	-1.6366054394795846
Q9H3Q1_S292	2111	-2.000965394041497
Q9H3Z4_S10	2112	-3.20169063271789
Q9H3Z4_S12	2113	-3.47181571342254
Q9H3Z4_S15	2114	-1.8594916897392064
Q9H410_S125	2115	1.2212654781747077
Q9H4G0_S650	2116	1.5466827961060154
Q9H4G0_S75	2117	-3.2306432934504254
Q9H4H8_S339	2118	1.222496190013949
Q9H4L5_S34	2119	1.2858803200065019
Q9H4Z3_S146	2120	-1.4254034939122757
Q9H4Z3_S26	2121	1.0737493056901215
Q9H4Z3_T135	2122	-1.3006568160486474
Q9H501_S694	2123	1.1715125496662218
Q9H5H4_T284	2124	-1.4969958526441118
Q9H5J0_S362	2125	1.2586271816464016
Q9H6F5_S110	2126	1.4282937505299813
Q9H6F5_S18	2127	-2.457061982154393
Q9H6F5_S217	2128	1.7792642657458657
Q9H6R7_S468	2129	-1.3204187798168068
Q9H6S0_S1090	2130	1.4343217000078674
Q9H6S3_S463	2131	-1.0762185922523173
Q9H6T3_S114	2132	2.8379025920387697
Q9H6T3_S116	2133	2.960864053435877
Q9H6T3_S119	2134	2.1789730357498307
Q9H6T3_S121	2135	1.0408218254516335
Q9H6Y2_S14	2136	-2.0715896954909425
Q9H6Z4_S100	2137	1.271694662619721
Q9H6Z4_S126	2138	-1.6487293784195032
Q9H6Z4_T124	2139	-1.5640972610152897
Q9H6Z4_T363	2140	1.0543067725041002
Q9H788_S235	2141	-1.1931680726808445
Q9H7D0_S1789	2142	-1.4330712636793326
Q9H7L9_S234	2143	1.2259096058236274
Q9H7L9_S236	2144	1.5762373471687319
Q9H7N4_S734	2145	2.222310601858508
Q9H7N4_S992	2146	-3.2506511642120905
Q9H7Z6_S37	2147	1.3096190125012193
Q9H7Z6_S42	2148	1.1001444928124116
Q9H8G2_S312	2149	1.1784843558538078
Q9H981_S412	2150	1.1316600040091345
Q9H9A7_S456	2151	1.0150472827242503
Q9H9R9_S119	2152	1.2269726230915339
Q9HA65_S29	2153	-1.3582688327028443
Q9HAS0_S19	2154	-1.3015080441615101
Q9HAU0_S855	2155	-1.9798063163173598
Q9HAW0_S385	2156	1.7833508812846866
Q9HAW0_S387	2157	1.0889468473664845
Q9HAW0_T379	2158	2.0829338827038324
Q9HB20_S244	2159	-1.5070650232372564
Q9HB58_S244	2160	-1.4802415851007833
Q9HB90_T96	2161	1.387068111856598
Q9HB96_S210	2162	-4.3803240749803365
Q9HBI1_S20	2163	-1.6206806416093098
Q9HBM6_S147	2164	2.683533912066105
Q9HC35_S144	2165	-1.56592240582723
Q9HCD5_S29	2166	2.2513579899636653
Q9HCD5_T379	2167	1.3733573515878703
Q9HCD6_S404	2168	-2.43930428429978
Q9HCG8_S39	2169	2.684411449923868
Q9HCG8_S61	2170	-4.127176278698592
Q9HCG8_S829	2171	-4.315183087287872
Q9HCI7_S447	2172	1.5793375979444324
Q9HCI7_S566	2173	2.08207422560775
Q9HCN4_S314	2174	1.2440941476075995
Q9HCN4_S338	2175	1.6107318637486774
Q9HCS5_S541	2176	1.2363142883918847
Q9HDC5_S162	2177	2.84085731457664
Q9NP74_S515	2178	3.724711822989647
Q9NPF5_S454	2179	-1.3022994579148897
Q9NPI6_S315	2180	2.061490569921469
Q9NPI6_S525	2181	-1.9194968364760197
Q9NPI6_S62	2182	1.6392978499391617
Q9NPQ8_S436	2183	4.2825595521513975
Q9NPQ8_T441	2184	2.040838587088068
Q9NQ29_S363	2185	-6.506083780042564
Q9NQC3_S111	2186	-2.147732137844198
Q9NQC3_S182	2187	1.0539227947089511
Q9NQG5_S166	2188	1.8959590271271338
Q9NQG6_S55	2189	-1.719716759162221
Q9NQR1_T181	2190	-1.8156102340945512
Q9NQS7_S275	2191	1.3789782492106184
Q9NQS7_T145	2192	-1.6476049723709991
Q9NQT8_S1381	2193	-5.888195195021924
Q9NQT8_S1432	2194	1.4238899929480198
Q9NQW6_S182	2195	-3.2614445233180973
Q9NQW6_S99	2196	-1.520706464839515
Q9NQX3_S188	2197	3.181791314071683
Q9NQX3_S194	2198	1.8977125577882372
Q9NQX3_S200	2199	1.024224032001463
Q9NQX3_T199	2200	1.921082354692082
Q9NQZ2_S37	2201	2.4801588703434216
Q9NR28_T220	2202	1.3659446629469247
Q9NR30_S171	2203	2.2505643650373344
Q9NR30_S173	2204	1.4083904517249834
Q9NR56_T6	2205	1.6202566546876973
Q9NRA0_S484	2206	1.1518469752988008
Q9NRA2_T20	2207	2.003113983145745
Q9NRA8_S577	2208	1.9199848196459328
Q9NRA8_S78	2209	1.873825070315469
Q9NRD1_S284	2210	1.3823004662785099
Q9NRY4_S1179	2211	1.0588913473251829
Q9NS69_S15	2212	1.5733669244032171
Q9NS91_S103	2213	1.0382430022100664
Q9NS91_S471	2214	1.1988580975443757
Q9NSY0_T411	2215	1.0575419972961964
Q9NUL3_S486	2216	-1.920810963069096
Q9NUL3_T488	2217	-1.1617586490990703
Q9NUQ3_T102	2218	-2.075620785473008
Q9NV56_S191	2219	-3.5215558202375092
Q9NV56_S195	2220	-2.9259097102353344
Q9NV70_S487	2221	1.314184899973819
Q9NV70_S489	2222	1.4386561474590778
Q9NVC3_S28	2223	3.4836719077932674
Q9NVD7_S14	2224	1.4730400643134782
Q9NVE7_S404	2225	1.5699274921584117
Q9NVE7_T406	2226	1.408071227778212
Q9NVP1_S86	2227	1.653828990417976
Q9NVU0_S161	2228	1.9282324488298332
Q9NW75_S115	2229	-1.2527687894123627
Q9NW75_S117	2230	-3.307055252620451
Q9NW75_S146	2231	1.2913715198353817
Q9NWH9_T74	2232	1.3017612509355985
Q9NWM3_S9	2233	-1.0406951855732807
Q9NWV8_S49	2234	1.7099063159954575
Q9NWV8_S8	2235	-2.1418684639763086
Q9NWV8_T10	2236	-1.3648581250419376
Q9NWZ5_S13	2237	-1.1546512659802346
Q9NX40_S209	2238	2.9526599916446603
Q9NXV2_S29	2239	-2.4177231445617906
Q9NYB0_S154	2240	1.685708138378999
Q9NYB9_S216	2241	1.0180085265463976
Q9NYF3_S232	2242	1.3887518690339764
Q9NYF8_S119	2243	2.9185443115957685
Q9NYF8_S183	2244	-2.044326813770242
Q9NYF8_S222	2245	1.0436541955376324
Q9NYF8_S225	2246	1.7518821691759623
Q9NYF8_S287	2247	1.1692139956678833
Q9NYF8_S290	2248	1.1317657846474685
Q9NYF8_S397	2249	-1.3878361938570585
Q9NYF8_S753	2250	-1.950247519338987
Q9NYL9_S25	2251	1.530245321148044
Q9NZJ0_T196	2252	1.6497205689533612
Q9NZL9_S282	2253	1.2754284545786128
Q9NZN4_S438	2254	2.490561454159238
Q9P013_T47	2255	-1.5591294277594656
Q9P035_S114	2256	2.2143041758864612
Q9P0P0_S13	2257	1.326874685270008
Q9P0V9_S25	2258	1.9863600711522462
Q9P1Y6_S846	2259	1.6620221964233917
Q9P206_S669	2260	6.133153019436234
Q9P206_T531	2261	1.3907783186073015
Q9P270_S315	2262	1.4702585123353895
Q9P270_S391	2263	1.3187863861292168
Q9P275_S682	2264	2.11913974001922
Q9P2B4_S557	2265	1.1768425316773516
Q9P2D1_S2956	2266	1.0856388879712604
Q9P2J3_S603	2267	-1.1967283666316586
Q9P2N5_S914	2268	1.142969357460089
Q9UBB9_S59	2269	2.2231709067467182
Q9UBF8_S425	2270	-2.9170934988490895
Q9UD71_S45	2271	-1.0214657041654398
Q9UD71_T75	2272	1.0546065851711166
Q9UDY2_S163	2273	-3.038075769124685
Q9UDY2_S296	2274	-2.123144848887364
Q9UDY2_T457	2275	1.0334430619397335
Q9UEY8_S677	2276	-1.242342747994087
Q9UEY8_S681	2277	-1.9507626739605648
Q9UFC0_S251	2278	-1.3692947196845502
Q9UGP4_S272	2279	-1.7421421460235127
Q9UGP4_S277	2280	-1.0084679950034587
Q9UGV2_S327	2281	-4.082630231513852
Q9UGV2_S333	2282	-1.6192500505605913
Q9UGV2_S334	2283	-3.48493954454727
Q9UGV2_S335	2284	-2.948996742815698
Q9UGV2_S338	2285	2.426831520844548
Q9UGV2_T355	2286	1.0648422587876532
Q9UH99_S116	2287	1.2939546845078205
Q9UH99_S12	2288	1.5616553748655893
Q9UH99_T9	2289	1.3968692073801847
Q9UHB6_S686	2290	2.893858157985701
Q9UHB7_S487	2291	-1.513252612915224
Q9UHB7_S694	2292	1.556303398040983
Q9UHB7_S703	2293	2.0011100854736483
Q9UHB7_T674	2294	1.4066185909142188
Q9UHD8_S238	2295	1.2972355472157489
Q9UHD8_S82	2296	-4.651359830130035
Q9UHD8_S85	2297	-4.309582125096476
Q9UHR4_S331	2298	-2.1088638676665266
Q9UHR4_T248	2299	-2.4791433776811704
Q9UHR4_T252	2300	1.8474645042548676
Q9UHR4_T257	2301	1.1682436181432276
Q9UHW9_S1032	2302	1.1441600766555666
Q9UHX1_T314	2303	-2.403906213012215
Q9UHY1_T232	2304	1.0429001673041967
Q9UHY8_S205	2305	-1.7035044805852309
Q9UI08_S304	2306	-1.6027181001364035
Q9UI10_T137	2307	2.2304240607198196
Q9UID6_S60	2308	1.2878511352892659
Q9UIG0_S161	2309	1.1659684805441461
Q9UIW2_S1632	2310	1.4461364985819696
Q9UJ70_S74	2311	2.121448954370438
Q9UJ70_S76	2312	1.3062479327441157
Q9UJM3_S249	2313	-2.8832734747295614
Q9UJM3_S251	2314	-2.3146091177108072
Q9UJU6_S269	2315	-4.823242746004482
Q9UJU6_T21	2316	1.248558313530765
Q9UJU6_T291	2317	-2.012753901616133
Q9UK58_S338	2318	1.2549211232386561
Q9UK58_S352	2319	-2.395469678626805
Q9UK58_S445	2320	-1.2125058646308418
Q9UK76_S28	2321	-1.9230842441228866
Q9UK76_S88	2322	-4.345122278010761
Q9UKJ3_T978	2323	-1.0934994006655998
Q9UKL0_S260	2324	1.5730173176944326
Q9UKM9_S295	2325	3.2772908836255965
Q9UKM9_T298	2326	2.5093362865894733
Q9UKS6_S354	2327	1.5182532659224126
Q9UKS6_S358	2328	1.3055878687129692
Q9UKV3_S388	2329	1.4122397889334142
Q9UKV3_S710	2330	-3.0373542996642477
Q9UKY7_S106	2331	-3.3239695925802284
Q9UKY7_S8	2332	1.4306168410324496
Q9ULH7_T841	2333	-1.1301093643392157
Q9ULJ3_S411	2334	-1.1226399629660193
Q9ULL8_S1059	2335	1.6370697270858976
Q9ULR3_S211	2336	-2.3181679234945136
Q9ULT0_S51	2337	1.7380302870274686
Q9ULW0_S293	2338	-1.0219677644756793
Q9ULW0_T147	2339	1.2331893046926456
Q9ULX3_S201	2340	2.619789472867396
Q9UM82_S253	2341	1.3074672095795332
Q9UMX0_S13	2342	-1.432369845348056
Q9UMX3_S8	2343	1.3470103387458447
Q9UN19_S276	2344	1.5170808142739975
Q9UN36_S332	2345	-1.2282680813219802
Q9UN36_T330	2346	-1.7223574917191407
Q9UN37_S97	2347	-1.6224501298402512
Q9UNE7_S19	2348	-3.482435258702168
Q9UNF0_T311	2349	1.6197464470895664
Q9UNN5_S269	2350	-5.875051065053038
Q9UNN5_S270	2351	-1.930574313738198
Q9UNN5_S582	2352	-1.2119030296649616
Q9UP95_S967	2353	1.1196265034142652
Q9UPN3_S7230	2354	1.1359626067074018
Q9UPN4_T80	2355	-1.3757767235140204
Q9UPN7_S530	2356	1.147955013341667
Q9UPN7_S531	2357	1.7268470945133902
Q9UPP1_S880	2358	1.3488535984650003
Q9UPQ0_S231	2359	-1.722110738069313
Q9UPQ0_S471	2360	1.0562871010852994
Q9UPQ3_S605	2361	-2.2631440835580108
Q9UPU5_S2561	2362	1.3363585782069318
Q9UPZ3_S461	2363	-1.2402282353506031
Q9UQ35_S1320	2364	-3.0175894517903323
Q9UQ35_S1421	2365	-1.9665869074983284
Q9UQ35_S1600	2366	-1.5390981311055327
Q9UQ35_S1674	2367	7.973976045524461
Q9UQ35_S1690	2368	-1.7728015348901387
Q9UQ35_S440	2369	-3.436173375143511
Q9UQ80_T382	2370	1.7632011427464143
Q9UQ80_T386	2371	-1.0620318548677492
Q9UQ88_S740	2372	-2.093267957132017
Q9UQB3_S415	2373	1.2379690784092876
Q9UQB8_S336	2374	1.5155664433318332
Q9UQE7_S1065	2375	-1.5707137883940039
Q9UQE7_S1067	2376	-1.1264695549683363
Q9UQR1_S665	2377	-1.1330534272025243
Q9Y217_S589	2378	1.047105431064864
Q9Y232_S88	2379	1.4921422382950187
Q9Y232_T92	2380	1.9713249355394638
Q9Y266_S136	2381	-1.2899780974702217
Q9Y266_S139	2382	-1.0226243917547393
Q9Y281_S3	2383	-2.2906043123278454
Q9Y2D9_S55	2384	1.4953837187385997
Q9Y2D9_S57	2385	1.2544039656639008
Q9Y2G3_S1145	2386	2.207080813882426
Q9Y2H0_T915	2387	1.1911886997177135
Q9Y2H5_S251	2388	1.472562615170867
Q9Y2H5_S459	2389	-2.877907877218467
Q9Y2H5_S842	2390	-1.148831030633593
Q9Y2H6_S203	2391	-1.0741433314772468
Q9Y2K6_S132	2392	-1.0850615394312317
Q9Y2U8_S140	2393	1.8030471372650023
Q9Y2U8_S144	2394	2.537013238541766
Q9Y2V2_S26	2395	-2.470144763354705
Q9Y2V2_S32	2396	-1.4682313337376147
Q9Y2W1_S243	2397	-1.4099783238785797
Q9Y2W1_S248	2398	-4.27942443908627
Q9Y2W1_S310	2399	-2.3966699577760746
Q9Y2W1_S315	2400	-2.889071391912273
Q9Y2W1_S320	2401	-4.706828329718141
Q9Y2W1_S406	2402	-1.9108260152409144
Q9Y2W1_S575	2403	1.0617299763377979
Q9Y2W2_S181	2404	3.2361131908700607
Q9Y2W2_S237	2405	1.0406542785221937
Q9Y2X7_S362	2406	1.3073447847321074
Q9Y2X7_S388	2407	1.0191289861025812
Q9Y2X7_S410	2408	2.2896353434603007
Q9Y2X7_S596	2409	-1.654152080858962
Q9Y2X7_T392	2410	1.1957179906663438
Q9Y314_S36	2411	2.2758758714464253
Q9Y383_S383	2412	1.148562780139768
Q9Y3E1_S180	2413	-1.0171273528743523
Q9Y3E7_S200	2414	1.7410218789018845
Q9Y3T9_S49	2415	-1.7036841796054283
Q9Y3T9_S56	2416	-1.4791514548622935
Q9Y3X0_S376	2417	-2.511649350887252
Q9Y3X0_T381	2418	1.2003461570666332
Q9Y3Z3_S18	2419	-1.226077264935837
Q9Y3Z3_T25	2420	-1.1205283179501624
Q9Y426_S647	2421	1.6453656713968012
Q9Y446_S196	2422	-1.0653933393853467
Q9Y446_S313	2423	1.1192551014273455
Q9Y446_S314	2424	1.052414180825421
Q9Y448_S171	2425	-1.0615459553050783
Q9Y450_T231	2426	1.3737722901946903
Q9Y4A5_S1628	2427	2.0148333442176565
Q9Y4E1_S539	2428	1.5754473872915185
Q9Y4H2_T520	2429	2.0298053646708123
Q9Y4U1_S245	2430	1.425302655138296
Q9Y519_S386	2431	-5.614889799028472
Q9Y520_S926	2432	-2.583705218604127
Q9Y580_S113	2433	1.0116011481594356
Q9Y580_S204	2434	1.1985130468518665
Q9Y5B9_S1023	2435	-1.3073557279431203
Q9Y5B9_S982	2436	2.2831208494126027
Q9Y5K6_S232	2437	-2.99749506363732
Q9Y5K6_S233	2438	2.0246011950380485
Q9Y5K6_S510	2439	1.0777577856279148
Q9Y5K6_T231	2440	-2.43216509623832
Q9Y5K6_T393	2441	1.021886473990218
Q9Y5T5_S552	2442	1.1570920189949643
Q9Y5X2_S456	2443	-1.663266915042561
Q9Y5X2_T452	2444	-1.6994038086256822
Q9Y606_T426	2445	1.8648722732068794
Q9Y608_S323	2446	-2.5335110242487477
Q9Y608_T317	2447	-1.6069746088509316
Q9Y618_S2234	2448	4.812839019037559
Q9Y624_S281	2449	-1.50745929316302
Q9Y624_S284	2450	-1.0111003187901595
Q9Y666_T30	2451	-2.8608257121224163
Q9Y6D5_S1511	2452	2.23177578583258
Q9Y6G9_S414	2453	1.0045820755856845
Q9Y6G9_T513	2454	-1.2636124981295183
Q9Y6G9_T515	2455	-1.9255622608656537
Q9Y6I3_T460	2456	1.8861246622417607
Q9Y6M1_S162	2457	-1.5711227256047628
Q9Y6M5_S468	2458	1.2579177299459001
Q9Y6M7_S407	2459	-1.7700276924614755
Q9Y6M7_S84	2460	-3.205357809076906
Q9Y6Q5_T154	2461	-1.6000878492045327
Q9Y6R0_S324	2462	1.1335450907664768
Q9Y6R1_S232	2463	-1.7866864742715158
Q9Y6R1_S245	2464	1.0153325505538362
Q9Y6W5_S293	2465	-3.64159993286224
Q9Y6X4_S376	2466	1.3264919896687442
Q9Y6X4_S636	2467	-1.9100869591775549
Q9Y6X4_S637	2468	1.8647728625064062
O00401_Y256	2469	1.9192151420282517
O00459_Y605	2470	1.289875593972699
O15173_Y210	2471	1.9682300900925522
O43815_Y135	2472	1.2893906476726542
O43852_Y47	2473	-1.1880041568147401
O43896_Y1081	2474	-1.7387965309863347
O60716_Y335	2475	1.2514088277120692
O60716_Y904	2476	-1.6455597025904538
O60716_Y96	2477	3.276480498156074
O94880_Y206	2478	-1.9759868129699871
O95218_Y124	2479	1.2173222499872978
O95218_Y167	2480	1.3825820862911158
O95391_Y243	2481	1.4909559141614999
O95490_Y1433	2482	1.172409775912616
P00519_Y393	2483	1.2899611680692047
P02786_Y20	2484	2.9429017866475693
P04080_Y97	2485	1.711268274384075
P04083_Y207	2486	3.2803478919856133
P05556_Y783	2487	2.080567105634495
P05787_Y25	2488	-3.6964962107494372
P06400_Y606	2489	2.255138592604613
P06733_Y257	2490	1.4093083873630334
P07355_Y235	2491	1.8044044169080138
P07910_Y137	2492	1.1470841535975662
P08727_Y61	2493	1.349058260693905
P10244_Y15	2494	2.8734433170682294
P12694_Y345	2495	1.6279843771413578
P15531_Y52	2496	2.074127119528759
P16144_Y1510	2497	-2.2518015390293105
P16333_Y105	2498	1.9194019781153653
P16989_Y192	2499	1.4551714331646863
P18433_Y798	2500	1.3248209792711432
P22681_Y455	2501	3.5397593537250565
P25440_Y631	2502	2.906123015843729
P25490_Y251	2503	1.7856620165585682
P27708_Y1890	2504	1.3738839297901002
P27986_Y467	2505	-1.0056383258204349
P31323_Y120	2506	1.007883224000734
P35568_Y632	2507	-3.0397447413668353
P35680_Y86	2508	2.7695233837588162
P41567_Y30	2509	1.1954072589328923
P42167_Y183	2510	-1.3547204309335061
P46821_Y1887	2511	1.9973747916760392
P49711_Y407	2512	-2.046075096162186
P49736_Y137	2513	1.725836496796422
P49792_Y2003	2514	1.5070541800899573
P50995_Y482	2515	-2.7147813761003228
P51149_Y183	2516	1.1183433929850217
P51991_Y364	2517	-1.9339005989038984
P52756_Y82	2518	1.1737849662664903
P60228_Y401	2519	1.315168639921433
P67809_Y162	2520	-2.7631866143211
P78332_Y908	2521	3.76204250308424
P78332_Y914	2522	2.7580724028569445
P83916_Y173	2523	1.565940448558366
P98175_Y70	2524	1.1506342952959
Q0JRZ9_Y323	2525	1.7425053693989323
Q12872_Y296	2526	2.027275599084348
Q12959_Y760	2527	1.2212958802679204
Q13017_Y1091	2528	1.3689965235581933
Q13017_Y1109	2529	2.259412360141477
Q13242_Y206	2530	1.7133083758011143
Q13242_Y214	2531	-2.713908329692485
Q13443_Y736	2532	-2.1060314867630803
Q13480_Y627	2533	1.1431726386189371
Q14126_Y783	2534	1.72667468217651
Q14195_Y499	2535	-1.4374793595000988
Q14738_Y532	2536	1.3897211482274017
Q15019_Y211	2537	2.088255376557669
Q15059_Y561	2538	3.3144298241293395
Q15262_Y858	2539	1.3644138903700842
Q15942_Y172	2540	-2.4089961696175326
Q16204_Y356	2541	1.843449809887458
Q16204_Y393	2542	-1.855511201408735
Q16625_Y315	2543	1.7535989471521969
Q16625_Y402	2544	1.6883045240086059
Q5F1R6_Y311	2545	2.3012639533598165
Q5QJE6_Y261	2546	1.7407625119683985
Q5T0N5_Y506	2547	1.0538049460779746
Q5T5P2_Y393	2548	1.067747480672173
Q6NUK4_Y209	2549	2.8604581862194305
Q6R327_Y1386	2550	-1.0076481224763167
Q76N32_Y482	2551	1.3803787760365136
Q7KZ85_Y135	2552	1.3308726764979006
Q7Z417_Y218	2553	-1.550095242802163
Q7Z5N4_Y2096	2554	1.920797817642141
Q86SQ0_Y162	2555	1.5604231303860914
Q86SQ4_Y1172	2556	1.227153914340823
Q86X95_Y199	2557	1.2547583345046007
Q86XP3_Y183	2558	1.8511283042159672
Q8IWZ8_Y483	2559	1.4239707273134012
Q8IZP0_Y198	2560	1.0329563643642672
Q8N5C8_Y512	2561	1.0070377099591337
Q8N5P1_Y76	2562	1.99338726728603
Q8NFH8_Y462	2563	-1.1195825066611178
Q8TAF3_Y338	2564	1.0417443496583179
Q8WUF5_Y70	2565	-1.915889057001305
Q92560_Y401	2566	2.599491030278939
Q92738_Y802	2567	3.287390964605512
Q92738_Y804	2568	2.48712479894548
Q96D46_Y439	2569	-1.3042114146914336
Q96D71_Y275	2570	1.2999338591935832
Q96D71_Y389	2571	1.6388443896960343
Q96EY5_Y210	2572	2.1395730811111093
Q96I25_Y161	2573	2.6672639079262357
Q96J84_Y647	2574	1.7687138518146526
Q96P48_Y231	2575	2.7526222972721666
Q96PD2_Y621	2576	2.0899155264371565
Q96QD8_Y41	2577	1.7111776777107988
Q99549_Y83	2578	1.3579931436617212
Q99959_Y166	2579	-1.3005997449688174
Q99959_Y243	2580	1.3470134710113992
Q9BUJ2_Y717	2581	1.5615598880194757
Q9BYF1_Y781	2582	1.6754571009185
Q9BYX4_Y653	2583	1.018697278551075
Q9C0B5_Y358	2584	1.2956414573871307
Q9H1E3_Y13	2585	-4.5091382781269775
Q9H1E3_Y26	2586	2.436513065871864
Q9H3Z4_Y17	2587	1.3477452296911672
Q9H4L5_Y759	2588	1.4218892563830057
Q9NPQ8_Y435	2589	3.3832940327081804
Q9NQG5_Y161	2590	-2.2504198454788593
Q9NQG5_Y165	2591	1.5220702041773286
Q9NQZ2_Y43	2592	3.7904446039449944
Q9NTI5_Y1187	2593	1.501954485624724
Q9NYF8_Y383	2594	2.1070190649988376
Q9NZM3_Y968	2595	1.1361962824331684
Q9UBB9_Y51	2596	1.8072255188158763
Q9UDY2_Y426	2597	-1.13847339580043
Q9UDY2_Y428	2598	-1.553530582712714
Q9UIQ6_Y46	2599	3.146539383435016
Q9UJV9_Y33	2600	2.9504729605676054
Q9ULH0_Y1416	2601	1.1494927729482836
Q9UP95_Y966	2602	1.1938445141233185
Q9UPP1_Y852	2603	4.083630920439292
Q9Y232_Y86	2604	1.509295810529368
Q9Y2H5_Y492	2605	1.2390128540322323
Q9Y2U8_Y258	2606	3.0610833244668676
Q9Y2X7_Y383	2607	1.007970592732537
Q9Y2X7_Y598	2608	-1.506676809109866
Q9Y3B9_Y57	2609	2.492296929312767
Q9Y446_Y195	2610	-1.195014262653789
Q9Y4B5_Y544	2611	2.6869255397627825
Q9Y5X0_Y171	2612	-3.3554489042433353
Q9Y6X4_Y281	2613	1.9929293140514606
