Source	Target	Target_Uniprot	f	Type	Source_idx	Target_idx
O95835_S278	O95835	O95835	1.0	SK	406	24
Q13873_S863	Q13873	Q13873	1.0	SK	450	34
P49841	Q9Y4J8_S564	Q9Y4J8	-3.54537495239621	KS	41	2343
Q9NYV4_S332	Q9NYV4	Q9NYV4	1.0	SK	494	42
Q2M2I8_T620	Q2M2I8	Q2M2I8	1.0	SK	462	44
Q96SB4_S311	Q96SB4	Q96SB4	1.0	SK	490	48
Q86Z02	Q9Y6I3_T470	Q9Y6I3	2.84501679639335	KS	58	2357
Q9BZL6	Q9Y570_S15	Q9Y570	2.09172945356355	KS	85	2346
Q16512	Q9Y2H2_S907	Q9Y2H2	-1.31484486832447	KS	97	2299
Q13131_S356	Q13131	Q13131	1.0	SK	445	112
P50613	Q9Y6A5_S71	Q9Y6A5	-1.05003579317905	KS	138	2353
P23443_T444	P23443	P23443	1.0	SK	420	174
Q96KB5_T24	Q96KB5	Q96KB5	1.0	SK	485	176
P48730_T347	P48730	P48730	1.0	SK	429	187
Q9UEE5	Q9Y6Y0_S338	Q9Y6Y0	0.697558759222233	KS	191	2359
Q7KZI7_T596	Q7KZI7	Q7KZI7	1.0	SK	470	209
O15530	Q9Y2H2_S907	Q9Y2H2	-1.31484486832447	KS	229	2299
P19525_S92	P19525	P19525	1.0	SK	416	231
O75385_S623	O75385	O75385	1.0	SK	402	235
P57059_S575	P57059	P57059	1.0	SK	434	236
Q96GX5_S453	Q96GX5	Q96GX5	1.0	SK	483	247
Q8TD19_S868	Q8TD19	Q8TD19	1.0	SK	480	251
Q9H4A3_Y2276	Q9H4A3	Q9H4A3	1.0	SK	507	283
P41743_T564	P41743	P41743	1.0	SK	426	285
P45985_S257	P45985	P45985	1.0	SK	427	311
Q07912	Q14498_Y95	Q14498	1.36845065103213	KS	316	2388
Q05397_S840	Q05397	Q05397	1.0	SK	442	367
P30291_S139	P30291	P30291	1.0	SK	423	375
P17612_S339	P17612	P17612	1.0	SK	412	272
P23443_S441	P23443	P23443	1.0	SK	418	174
Q7KZI7_S40	Q7KZI7	Q7KZI7	1.0	SK	464	209
Q7KZI7_S409	Q7KZI7	Q7KZI7	1.0	SK	465	209
Q7KZI7_S571	Q7KZI7	Q7KZI7	1.0	SK	467	209
Q96KB5_S59	Q96KB5	Q96KB5	1.0	SK	484	176
O95835	A0FGR8_S755	A0FGR8	1.44976672754176	KS	24	510
Q9NSY1	A1L020_S428	A1L020	2.15824397897266	KS	50	513
P49759	A1L170_S223	A1L170	-1.16303281716358	KS	59	514
Q9NYV4	A6NKT7_S1276	A6NKT7	-1.8850020135265	KS	42	522
Q9NYV4	O00148_T171	O00148	-2.01879570125728	KS	42	524
Q7KZI7	O14613_S109	O14613	1.64274270492731	KS	209	549
Q16513	O14828_S32	O14828	1.00905557834215	KS	215	554
P57059	O15151_S342	O15151	1.60218668180069	KS	236	563
Q8TD19	O15551_S209	O15551	2.54602027606214	KS	251	571
Q9NSY1	O15551_T204	O15551	1.50372257588276	KS	50	572
P28482	O43149_S1518	O43149	-1.27583743860368	KS	70	573
Q96KB5	O43150_S822	O43150	-3.21713844787363	KS	176	574
P49759	O43166_S1149	O43166	2.5962812829019	KS	59	575
P49759	O43166_S1443	O43166	1.75282545398312	KS	59	577
P48730	O43166_S1549	O43166	0.922739822807442	KS	187	578
Q00537	O43166_S1568	O43166	1.43387177107635	KS	156	579
Q16512	O43166_S1632	O43166	1.06902015044078	KS	97	582
P57059	O43166_S208	O43166	1.83156083904483	KS	236	584
O95835	O43166_S288	O43166	1.34686618778383	KS	24	585
O14578	O43314_S1006	O43314	2.33003959436136	KS	227	589
P49759	O43426_S1049	O43426	-2.0956649511179	KS	59	592
P50613	O43502_S20	O43502	2.04027925615199	KS	138	594
Q13188	O43719_S481	O43719	-1.21630987390334	KS	278	596
Q13873	O60264_S66	O60264	-1.02361854339387	KS	34	605
Q9H2G2	O60271_S733	O60271	-1.86932126786036	KS	166	608
P28482	O60307_S1215	O60307	2.35267558756179	KS	70	610
P36507	O60437_S1657	O60437	-1.24979650726579	KS	38	612
Q00537	O60504_S530	O60504	1.18176675316086	KS	156	614
O75676	O60658_S457	O60658	-1.32402345902197	KS	262	617
Q96GX5	O60749_S277	O60749	1.08042064202834	KS	247	622
Q86Z02	O75151_S655	O75151	-1.05672096690458	KS	58	638
P49759	O75152_T321	O75152	-1.42668206632125	KS	59	642
Q9NYV4	O75179_S1940	O75179	-2.65211408469033	KS	42	646
P50613	O75369_S2478	O75369	-1.03790588350802	KS	138	654
Q14680	O75494_S131	O75494	1.01636304691483	KS	115	667
O75676	O75717_S374	O75717	-2.65661160467745	KS	262	674
P50613	O94876_S414	O94876	1.91262380884662	KS	138	687
Q15418	O94885_S90	O94885	-4.27121754540922	KS	243	689
P36507	O95071_S2026	O95071	-2.05925365818606	KS	38	695
Q15418	O95239_S801	O95239	-2.57537235697009	KS	243	701
P41743	O95239_T799	O95239	-1.45097390722056	KS	285	702
Q96SB4	O95251_S124	O95251	1.59147316346735	KS	48	703
Q00537	O95251_T128	O95251	1.46230602173737	KS	156	705
P49841	P00558_S203	P00558	1.00305965211351	KS	41	722
P27361	P02545_S22	P02545	-1.7765620509875	KS	73	723
P15056	P02545_S301	P02545	-2.68033866463383	KS	89	725
O95835	P04406_S83	P04406	1.10268686009008	KS	24	735
O75385	P04406_T75	P04406	0.815487678483043	KS	235	737
O14578	P04920_S243	P04920	1.75166441483107	KS	227	742
Q9H2G2	P05114_S21	P05114	1.3513617737011	KS	166	743
P41743	P05204_S29	P05204	2.08100884890187	KS	285	745
P27361	P07199_S156	P07199	1.05335114313159	KS	73	753
Q9BZL6	P10636_S531	P10636	1.13324694869777	KS	85	764
P17612	P11586_S490	P11586	1.07074823736332	KS	272	776
Q8N4C8	P12268_S416	P12268	1.1758999793977	KS	13	779
P49841	P12270_S2155	P12270	1.41191693375703	KS	41	780
P19525	P13646_S427	P13646	-1.28582384450696	KS	231	785
P36507	P14618_S77	P14618	-1.69145579937541	KS	38	788
P28482	P14859_T270	P14859	1.18311279206298	KS	70	790
Q86Z02	P15408_S200	P15408	-1.79727078929726	KS	58	794
Q9NYV4	P15822_S571	P15822	-2.0663362582982	KS	42	796
P28482	P15923_S139	P15923	1.32072530655504	KS	70	799
P27361	P17535_S90	P17535	-1.230440885372	KS	73	809
P48730	P18858_S51	P18858	1.13946442829073	KS	187	816
Q96L34	P19174_S1263	P19174	-1.14358093571984	KS	207	818
O43318	P20290_S30	P20290	-1.40750424523634	KS	168	822
P27361	P21333_S1630	P21333	1.20139240507383	KS	73	826
Q00537	P21333_S2128	P21333	1.15949367991193	KS	156	827
P27361	P21333_S2180	P21333	2.65517763131072	KS	73	829
Q13043	P21333_S2526	P21333	2.80317161436705	KS	105	831
P17612	P22087_S124	P22087	-1.74386337324069	KS	272	839
P50613	P22626_S259	P22626	-1.89131576643918	KS	138	841
P50613	P23246_S33	P23246	-1.49515509874232	KS	138	844
P57059	P23771_S110	P23771	2.87099053598493	KS	236	849
P15056	P25490_T348	P25490	1.0466303846004	KS	89	854
P49759	P27816_S358	P27816	-1.29026004454995	KS	59	861
Q9NYV4	P27816_S825	P27816	-1.27246321548557	KS	42	863
O75676	P29401_S104	P29401	2.0481877189393	KS	262	874
P50613	P29590_S518	P29590	1.75633938997631	KS	138	877
Q00537	P29590_S527	P29590	3.50463184407902	KS	156	878
P27361	P29590_S530	P29590	-2.84475171091808	KS	73	879
Q86UE8	P29803_S291	P29803	3.86412075359496	KS	249	880
Q96GX5	P29803_S293	P29803	2.69564519878656	KS	247	881
Q16512	P29966_S159	P29966	-3.18702571802697	KS	97	882
Q96SB4	P30622_S147	P30622	-1.39818836741936	KS	48	885
Q8N4C8	P30622_S204	P30622	-1.8883292913563	KS	13	886
Q96GX5	P31943_S310	P31943	1.08386743132425	KS	247	894
O15530	P34932_S76	P34932	2.86752466195077	KS	229	901
Q13188	P35269_S433	P35269	-1.09889952609921	KS	278	903
Q9NSY1	P36578_S295	P36578	-1.13611106866143	KS	50	911
Q00537	P39880_S1237	P39880	-1.62100429171787	KS	156	917
P27361	P40763_S727	P40763	-1.11177953815312	KS	73	918
Q86Z02	P41208_S20	P41208	1.06708315242282	KS	58	919
O15530	P42858_S417	P42858	-1.06465433089563	KS	229	924
Q8TD19	P46013_S1207	P46013	1.36872143443125	KS	251	928
P49759	P46013_S1861	P46013	-2.30321734328716	KS	59	930
Q96PY6	P46013_S1937	P46013	1.01233387696888	KS	302	931
Q00536	P46013_S584	P46013	-1.03144019780065	KS	202	934
P27361	P46087_S732	P46087	-1.56995776361254	KS	73	945
Q9BZL6	P46776_S68	P46776	-1.53534533818464	KS	85	949
O75676	P46937_S109	P46937	-2.4533118332166	KS	262	953
Q13153	P47736_S499	P47736	1.49379301748492	KS	273	962
O95835	P47974_S70	P47974	-2.24857245919097	KS	24	964
Q9NYV4	P49006_S22	P49006	-1.63070958702387	KS	42	967
O75385	P49736_S108	P49736	1.81415003830378	KS	235	976
P27361	P49790_S614	P49790	-1.01974260632176	KS	73	984
P17612	P49792_S1509	P49792	1.34179257494911	KS	272	985
O14578	P49815_S1798	P49815	1.09630141266986	KS	227	992
P28482	P50548_S327	P50548	2.47120949046292	KS	70	998
Q9NYV4	P50851_S1767	P50851	1.28171447747707	KS	42	1003
P28482	P51003_S24	P51003	-1.90591486028764	KS	70	1005
Q96SB4	P52732_T926	P52732	-1.26138862982173	KS	48	1018
O00418	P55011_S77	P55011	1.5805485123376	KS	277	1024
Q13188	P62899_S98	P62899	-1.94724773520045	KS	278	1054
Q00537	P85037_S257	P85037	-1.6180353968785	KS	156	1069
Q96SB4	P85037_S445	P85037	-1.15892069554602	KS	48	1072
P15056	Q00059_S193	Q00059	-2.2680265518082	KS	89	1074
Q2M2I8	Q00653_S222	Q00653	-1.791709072907	KS	44	1078
Q96SB4	Q01167_S398	Q01167	-1.04551991351551	KS	48	1084
Q86Z02	Q04726_T328	Q04726	-2.5750142817808	KS	58	1101
P49841	Q06265_S392	Q06265	1.07638068702234	KS	41	1104
O15530	Q07666_S20	Q07666	1.72583430363764	KS	229	1108
Q96L34	Q07866_S521	Q07866	-1.03976901239915	KS	207	1111
Q86UE8	Q08J23_T453	Q08J23	-1.57806485431423	KS	249	1116
Q96GX5	Q09666_S210	Q09666	3.14032001451446	KS	247	1120
P23443	Q09666_S5782	Q09666	1.00973539256946	KS	174	1128
Q00536	Q09666_S93	Q09666	-1.07243555123014	KS	202	1129
P49841	Q10570_S756	Q10570	-1.4249471258624	KS	41	1135
Q96L34	Q12756_S1368	Q12756	-1.01909414684926	KS	207	1137
Q15418	Q12756_S1370	Q12756	-1.22772963801275	KS	243	1138
Q96GX5	Q12774_S184	Q12774	-1.54692042434886	KS	247	1140
O95835	Q12857_S280	Q12857	-2.47768356501864	KS	24	1143
P49759	Q12888_S1678	Q12888	-1.24441865185766	KS	59	1155
P28482	Q12888_S380	Q12888	1.66380453146681	KS	70	1156
Q00536	Q12906_T592	Q12906	1.77182705598055	KS	202	1158
P17612	Q12923_S345	Q12923	1.89348362172554	KS	272	1159
Q16512	Q12955_S1459	Q12955	-1.69792951349451	KS	97	1160
Q00537	Q13045_S856	Q13045	-3.2196308535903	KS	156	1163
Q96L34	Q13111_T865	Q13111	-1.17792367221385	KS	207	1169
P50613	Q13129_S632	Q13129	-1.48688704833188	KS	138	1171
P19525	Q13247_S119	Q13247	1.16052949428528	KS	231	1174
Q86UE8	Q13263_S501	Q13263	1.40585903291099	KS	249	1178
Q2M2I8	Q13263_S601	Q13263	-1.50000262770499	KS	44	1180
P28482	Q13415_S273	Q13415	-1.7114753191225	KS	70	1189
P49841	Q13435_S309	Q13435	1.08907857543629	KS	41	1199
O94804	Q13442_S176	Q13442	-1.53689899266589	KS	169	1202
Q00536	Q13469_S236	Q13469	1.14978771940644	KS	202	1203
Q9NYV4	Q13480_S454	Q13480	-1.41484889474024	KS	42	1206
P28482	Q13541_S65	Q13541	-2.01044488112235	KS	70	1212
Q96PY6	Q13541_T45	Q13541	2.24574805553999	KS	302	1216
P48730	Q13541_T77	Q13541	-1.88858165565996	KS	187	1220
Q9UEE5	Q14152_S584	Q14152	-2.24265754327744	KS	191	1228
P49841	Q14157_S416	Q14157	-1.59255808142508	KS	41	1232
P23443	Q14204_S4368	Q14204	-2.37820260794289	KS	174	1236
Q9NYV4	Q14244_S209	Q14244	-1.53519579736281	KS	42	1238
P27361	Q14247_S418	Q14247	-2.17267376313715	KS	73	1241
P27361	Q14671_S209	Q14671	-1.32097993217919	KS	73	1250
P15056	Q14689_S94	Q14689	1.55187906520779	KS	89	1254
P36507	Q14C86_S566	Q14C86	-2.24008019944751	KS	38	1264
Q13131	Q14C86_S761	Q14C86	-1.11883120317926	KS	112	1265
Q2M2I8	Q15149_S1435	Q15149	-2.23909629327003	KS	44	1277
Q15418	Q15149_S4386	Q15149	-2.16552920437943	KS	243	1280
Q9NYV4	Q15149_S4613	Q15149	-1.19228562355602	KS	42	1281
P17612	Q15149_S4642	Q15149	1.81366839189839	KS	272	1282
P49759	Q15311_S48	Q15311	-1.45023247121819	KS	59	1288
P48730	Q15366_S272	Q15366	-1.08282381202869	KS	187	1294
O95835	Q15435_S24	Q15435	-1.19478347660658	KS	24	1300
Q96KB5	Q15648_T1051	Q15648	0.630154758501893	KS	176	1316
P49759	Q15742_S159	Q15742	1.25599364406521	KS	59	1321
Q00537	Q15742_S171	Q15742	1.02705699657503	KS	156	1323
Q13131	Q15910_S366	Q15910	1.8197998585179	KS	112	1325
Q9H4A3	Q15942_S169	Q15942	-1.01888913217863	KS	283	1329
Q00537	Q15942_S308	Q15942	-1.04401790989015	KS	156	1331
Q86Z02	Q15942_S344	Q15942	-1.51889232447355	KS	58	1332
Q7KZI7	Q16594_S158	Q16594	1.88866154023689	KS	209	1335
Q96SB4	Q27J81_S372	Q27J81	-1.18423007122622	KS	48	1344
P23443	Q2NKX8_S1028	Q2NKX8	-1.35221785823673	KS	174	1345
Q16513	Q2TAL5_S344	Q2TAL5	-2.66005491567998	KS	215	1346
P19525	Q32MZ4_S115	Q32MZ4	1.24467320600546	KS	231	1349
Q9H4A3	Q3KQU3_S273	Q3KQU3	-1.51777110815363	KS	283	1352
P50613	Q4KMP7_S678	Q4KMP7	-3.11872540155967	KS	138	1358
P50613	Q53EP0_S208	Q53EP0	-1.62967891621099	KS	138	1362
P50613	Q53H80_S18	Q53H80	-1.11667363327894	KS	138	1367
O00418	Q53H80_S21	Q53H80	-1.51002256400899	KS	277	1368
P49759	Q53LP3_S513	Q53LP3	-1.03769771718335	KS	59	1372
Q7KZI7	Q5FWE3_S798	Q5FWE3	1.55623519525022	KS	209	1376
P27361	Q5JR12_S76	Q5JR12	1.53530188293959	KS	73	1382
O14578	Q5JSZ5_S1132	Q5JSZ5	1.14503280412408	KS	227	1384
Q9NYV4	Q5SYE7_S1191	Q5SYE7	-3.00417795301033	KS	42	1393
P19525	Q5T0N5_T496	Q5T0N5	-2.38570598176146	KS	231	1397
Q13153	Q5T0W9_S388	Q5T0W9	1.37926810401675	KS	273	1398
P36507	Q5T0W9_S466	Q5T0W9	-1.22333548426208	KS	38	1399
Q9H4A3	Q5T0W9_S664	Q5T0W9	1.08422808554049	KS	283	1400
Q96L34	Q5T0W9_S764	Q5T0W9	1.40844145274979	KS	207	1401
Q13043	Q5T1M5_S346	Q5T1M5	-1.41565325171772	KS	105	1405
P28482	Q5T4S7_S2719	Q5T4S7	-1.22354605677719	KS	70	1407
O95835	Q5T4S7_T2724	Q5T4S7	-1.07711961998871	KS	24	1409
Q96SB4	Q5T5P2_S361	Q5T5P2	1.96170360558427	KS	48	1411
Q9H2G2	Q5UIP0_S782	Q5UIP0	-1.80515589510198	KS	166	1423
P49759	Q5VUA4_S79	Q5VUA4	-1.14887526540527	KS	59	1437
Q96SB4	Q5VUA4_T161	Q5VUA4	-1.1227872192262	KS	48	1438
P28482	Q5VVJ2_S110	Q5VVJ2	1.21246885705886	KS	70	1439
Q9NSY1	Q5VWG9_S229	Q5VWG9	1.11064533591121	KS	50	1440
Q9NYV4	Q5VWG9_S297	Q5VWG9	1.97576019163043	KS	42	1441
Q96GX5	Q5VWG9_S755	Q5VWG9	1.56042653705877	KS	247	1442
P49841	Q68E01_S502	Q68E01	2.67933901230482	KS	41	1452
Q9NYV4	Q68EM7_S625	Q68EM7	2.24254349046685	KS	42	1455
O75676	Q69YU3_S291	Q69YU3	1.85611491284187	KS	262	1457
Q9NSY1	Q6FI81_S183	Q6FI81	-2.33786507262217	KS	50	1460
Q9H4A3	Q6GQQ9_S100	Q6GQQ9	1.03049366972779	KS	283	1461
Q8N4C8	Q6IAA8_S98	Q6IAA8	-1.97307086654823	KS	13	1466
Q16512	Q6NUK4_S150	Q6NUK4	-1.30131853111768	KS	97	1473
P36507	Q6NUK4_S152	Q6NUK4	-1.47406236278139	KS	38	1474
Q9NYV4	Q6NZY4_T479	Q6NZY4	1.21788216322242	KS	42	1476
P50613	Q6PGN9_S70	Q6PGN9	-1.44881529952555	KS	138	1493
O15530	Q6PGN9_T116	Q6PGN9	-1.87964692238786	KS	229	1494
Q96L34	Q6PJT7_S390	Q6PJT7	1.86538215462611	KS	207	1496
P49841	Q6PJT7_S533	Q6PJT7	-2.07773044524414	KS	41	1500
P23443	Q6PKG0_S1056	Q6PKG0	-1.40336564749149	KS	174	1501
P50613	Q6PKG0_S774	Q6PKG0	-4.46235696203392	KS	138	1503
O43318	Q6PKG0_S824	Q6PKG0	-2.07267144330981	KS	168	1504
O14578	Q6R327_T1135	Q6R327	-2.12813606658336	KS	227	1510
Q8N4C8	Q6UUV7_S62	Q6UUV7	-2.92122205712849	KS	13	1515
Q13131	Q6UUV9_S151	Q6UUV9	2.06619645942497	KS	112	1516
Q13043	Q6UUV9_S153	Q6UUV9	1.82154444273285	KS	105	1517
Q13153	Q6UUV9_T149	Q6UUV9	1.59478706489344	KS	273	1518
P28482	Q6VMQ6_S673	Q6VMQ6	-1.1124169278672	KS	70	1519
P50613	Q6WCQ1_S292	Q6WCQ1	1.29170429384455	KS	138	1521
Q86Z02	Q6Y7W6_S236	Q6Y7W6	-1.7807907045915	KS	58	1526
Q86Z02	Q6Y7W6_T382	Q6Y7W6	-1.04251955555276	KS	58	1529
P57059	Q6ZRV2_S523	Q6ZRV2	-1.16348795667325	KS	236	1536
P49759	Q6ZRV2_S914	Q6ZRV2	-1.19092582047223	KS	59	1538
Q86UE8	Q6ZU67_S528	Q6ZU67	1.31194645998476	KS	249	1541
P50613	Q70E73_S1154	Q70E73	-1.33212213487311	KS	138	1542
Q14680	Q7Z460_S600	Q7Z460	-4.18557940531369	KS	115	1577
P27361	Q7Z4H7_S805	Q7Z4H7	-3.00522828308135	KS	73	1578
Q9NYV4	Q7Z5J4_T1068	Q7Z5J4	-1.15563574437535	KS	42	1581
Q16512	Q7Z6J0_S304	Q7Z6J0	1.04376507919738	KS	97	1587
O14578	Q86SQ0_S415	Q86SQ0	1.06309926681023	KS	227	1589
Q9H4A3	Q86TI0_S503	Q86TI0	1.51267793170675	KS	283	1591
Q96SB4	Q86U44_S50	Q86U44	1.77628621364819	KS	48	1594
P41743	Q86VI3_S1424	Q86VI3	-2.23770733009881	KS	285	1603
Q13131	Q86VI3_T1426	Q86VI3	-1.0479189646947	KS	112	1604
Q7KZI7	Q86VQ1_S172	Q86VQ1	-2.01114858758777	KS	209	1605
Q9H4A3	Q86WB0_S354	Q86WB0	2.20312118580431	KS	283	1614
P28482	Q86XL3_S268	Q86XL3	-2.2055100877089	KS	70	1625
O15530	Q86YD1_S36	Q86YD1	-4.17425571796722	KS	229	1628
Q2M2I8	Q8IU81_S186	Q8IU81	1.56044755084118	KS	44	1629
P17612	Q8IVH2_S291	Q8IVH2	-1.55268848956822	KS	272	1635
Q15418	Q8IVH2_S292	Q8IVH2	-1.80339702502716	KS	243	1636
O95835	Q8IWZ3_S95	Q8IWZ3	-1.10489726206137	KS	24	1647
P28482	Q8IWZ3_T2323	Q8IWZ3	1.2175768146013	KS	70	1648
P50613	Q8IX90_S155	Q8IX90	-1.19263945254594	KS	138	1651
Q15418	Q8IY63_T901	Q8IY63	1.53804873459186	KS	243	1657
O00418	Q8IY81_S677	Q8IY81	1.27396193143215	KS	277	1658
Q9NYV4	Q8N1G0_S1057	Q8N1G0	-2.26187354018555	KS	42	1669
O14578	Q8N271_S815	Q8N271	-1.76371637253044	KS	227	1672
P49759	Q8N2M8_S294	Q8N2M8	-1.26704023020022	KS	59	1674
Q2M2I8	Q8N3F8_S471	Q8N3F8	-1.56788457390589	KS	44	1679
Q96GX5	Q8N565_S213	Q8N565	-1.49840083199992	KS	247	1684
O94804	Q8N573_S91	Q8N573	0.784261220689366	KS	169	1685
Q86Z02	Q8N6T3_S343	Q8N6T3	-1.52215377757529	KS	58	1690
P50613	Q8N6T3_T135	Q8N6T3	1.41905736841955	KS	138	1693
P15056	Q8NBN3_S540	Q8NBN3	-1.15740269762632	KS	89	1698
O15530	Q8NC51_S203	Q8NC51	-2.67331492065753	KS	229	1699
Q86Z02	Q8NCD3_S473	Q8NCD3	-1.22896325510414	KS	58	1705
Q00536	Q8NCD3_S642	Q8NCD3	-1.65113171958821	KS	202	1707
Q2M2I8	Q8NCE2_S624	Q8NCE2	1.0269772076555	KS	44	1709
Q00537	Q8NCF5_S173	Q8NCF5	-1.35682023873417	KS	156	1710
Q13873	Q8NCF5_S314	Q8NCF5	1.77200319855002	KS	34	1712
P28482	Q8NDX1_S143	Q8NDX1	1.07947098833393	KS	70	1731
O43318	Q8NF50_S904	Q8NF50	-0.785775891627734	KS	168	1737
Q00537	Q8NFA0_S1372	Q8NFA0	1.39784399546754	KS	156	1738
P50613	Q8NFA0_S1376	Q8NFA0	1.05622726184178	KS	138	1739
O75676	Q8NFC6_S635	Q8NFC6	2.82808216176591	KS	262	1741
Q00537	Q8NFH5_T273	Q8NFH5	2.68918030036142	KS	156	1745
P49759	Q8NFH5_T308	Q8NFH5	3.73551440690299	KS	59	1746
P17612	Q8NHH9_S24	Q8NHH9	-1.66841127620424	KS	272	1748
P27361	Q8TAQ2_T548	Q8TAQ2	-1.32405476547064	KS	73	1754
Q7KZI7	Q8TB45_S244	Q8TB45	4.54495457170211	KS	209	1755
P49841	Q8TB45_S265	Q8TB45	1.92988802525488	KS	41	1756
P27361	Q8TB72_S82	Q8TB72	-1.08310049671565	KS	73	1759
P27361	Q8TBC5_S10	Q8TBC5	-1.07026766032718	KS	73	1760
Q86Z02	Q8TBC5_S14	Q8TBC5	1.66367515707868	KS	58	1761
P50613	Q8TBN0_S179	Q8TBN0	-1.68731781821712	KS	138	1762
Q15418	Q8TCD5_S182	Q8TCD5	-1.05399325913034	KS	243	1764
Q86Z02	Q8TDB6_S539	Q8TDB6	3.00854129563848	KS	58	1767
Q13188	Q8TDM6_S1021	Q8TDM6	-1.60399698852074	KS	278	1770
Q00537	Q8TDN6_S261	Q8TDN6	-1.1372254318828	KS	156	1771
Q9BZL6	Q8TEM1_S1874	Q8TEM1	1.0149290057498	KS	85	1773
P36507	Q8TEW0_S221	Q8TEW0	1.76608552636034	KS	38	1775
Q00537	Q8TEW0_S692	Q8TEW0	-1.68479104962329	KS	156	1776
Q9NYV4	Q8TF01_S311	Q8TF01	-1.69005827882115	KS	42	1784
Q9BZL6	Q8TF40_S220	Q8TF40	1.57451645267104	KS	85	1785
Q14680	Q8TF40_S232	Q8TF40	3.58927661157555	KS	115	1786
P48730	Q8TF40_S259	Q8TF40	3.27177872552682	KS	187	1787
P57059	Q8WUI4_S486	Q8WUI4	-1.32915673461852	KS	236	1793
Q13873	Q8WUZ0_S97	Q8WUZ0	1.51067926046256	KS	34	1801
P41743	Q8WWQ0_S674	Q8WWQ0	-1.62513115137902	KS	285	1804
P27361	Q8WXE0_S396	Q8WXE0	-2.12927689929452	KS	73	1805
Q16512	Q8WXE0_S800	Q8WXE0	-1.19359069465076	KS	97	1806
Q96GX5	Q8WXE0_S858	Q8WXE0	-1.64100355764572	KS	247	1807
Q00537	Q8WXE1_S239	Q8WXE1	2.92804898345884	KS	156	1809
Q96L34	Q8WXG6_T1237	Q8WXG6	1.23325113800737	KS	207	1815
Q13131	Q8WXH0_S4108	Q8WXH0	-1.23590401431596	KS	112	1816
P49759	Q8WXI9_S334	Q8WXI9	1.43907533215538	KS	59	1821
Q96SB4	Q8WYP5_S1218	Q8WYP5	-1.30830690964788	KS	48	1826
Q13873	Q8WYQ5_S377	Q8WYQ5	-1.26437946367623	KS	34	1829
O75676	Q92538_S1318	Q92538	-1.12580464607974	KS	262	1834
P50613	Q92540_S781	Q92540	-1.33809986696967	KS	138	1836
O75676	Q92609_S44	Q92609	1.19626369786321	KS	262	1840
Q9BZL6	Q92609_S522	Q92609	1.8144483024298	KS	85	1841
P49841	Q92609_S539	Q92609	-1.12068187279778	KS	41	1842
P49841	Q92614_S1067	Q92614	-1.28724745438605	KS	41	1846
O15530	Q92974_S886	Q92974	1.00126951566851	KS	229	1860
P27361	Q93062_T113	Q93062	1.67520425335819	KS	73	1862
Q9BZL6	Q96AD5_S404	Q96AD5	1.35899783456795	KS	85	1866
Q9NYV4	Q96CN5_S661	Q96CN5	1.05848356587061	KS	42	1873
Q86UE8	Q96CP6_S263	Q96CP6	1.36114832657015	KS	249	1875
Q9BZL6	Q96D71_S535	Q96D71	-1.03923577288221	KS	85	1878
Q15418	Q96D71_S709	Q96D71	-1.17441311400417	KS	243	1880
P15056	Q96EV2_S41	Q96EV2	1.52973411624421	KS	89	1883
Q96SB4	Q96JH7_S998	Q96JH7	-1.23780550138727	KS	48	1890
Q00536	Q96JY6_S161	Q96JY6	3.35556292440685	KS	202	1900
P23443	Q96KM6_S686	Q96KM6	-1.22894585232941	KS	174	1902
Q86Z02	Q96N67_S864	Q96N67	-2.10398514601465	KS	58	1912
Q7KZI7	Q96NE9_S544	Q96NE9	-1.48179653200078	KS	209	1916
Q8TD19	Q96Q42_S489	Q96Q42	-1.01335811664423	KS	251	1921
Q14680	Q96RU3_S296	Q96RU3	-0.555842393716034	KS	115	1930
O75676	Q96RU3_S497	Q96RU3	-1.23448528955076	KS	262	1932
Q13153	Q96ST8_S50	Q96ST8	1.58888117277191	KS	273	1938
Q00536	Q96T37_S765	Q96T37	-1.54125852650459	KS	202	1943
O95835	Q99575_S367	Q99575	6.21158879608377	KS	24	1959
Q13873	Q99959_S155	Q99959	1.06167301727351	KS	34	1967
P28482	Q9BQ70_S602	Q9BQ70	-1.42058657068716	KS	70	1973
P28482	Q9BQE9_S122	Q9BQE9	-2.28657030523802	KS	70	1975
P50613	Q9BQG0_S11	Q9BQG0	-1.38395751123122	KS	138	1976
P28482	Q9BQG0_S1163	Q9BQG0	-4.80542689202006	KS	70	1977
P27361	Q9BQG0_S1267	Q9BQG0	-2.17521653507262	KS	73	1978
P49841	Q9BSQ5_T239	Q9BSQ5	-1.55919468947172	KS	41	1983
Q96SB4	Q9BTA9_S525	Q9BTA9	-1.80478610270093	KS	48	1986
Q86Z02	Q9BTA9_T457	Q9BTA9	1.43564408575299	KS	58	1987
O75676	Q9BTU6_S462	Q9BTU6	-2.42123093669748	KS	262	1988
Q00536	Q9BUL9_S162	Q9BUL9	-2.56475614379972	KS	202	1991
P50613	Q9BWG4_S342	Q9BWG4	-1.46060520623398	KS	138	1997
Q13153	Q9BX95_S112	Q9BX95	-1.87355953069103	KS	273	2000
Q9NSY1	Q9BXB5_S223	Q9BXB5	2.07710010756672	KS	50	2001
Q13131	Q9BZ23_S168	Q9BZ23	1.83338474554608	KS	112	2008
Q96L34	Q9H1A4_S343	Q9H1A4	1.23099706886324	KS	207	2028
Q00536	Q9H1A4_S377	Q9H1A4	-1.64928394022094	KS	202	2030
P28482	Q9H1B7_S215	Q9H1B7	2.60385319539614	KS	70	2032
P50613	Q9H1B7_S659	Q9H1B7	-2.79001716596889	KS	138	2034
P19525	Q9H3N1_S270	Q9H3N1	1.09532459156507	KS	231	2046
Q9NYV4	Q9H3U1_T8	Q9H3U1	-1.4600976835951	KS	42	2048
Q00537	Q9H4Z3_S144	Q9H4Z3	1.21477445145914	KS	156	2054
P27361	Q9H4Z3_S30	Q9H4Z3	0.591139777158011	KS	73	2055
O15530	Q9H788_S315	Q9H788	-1.40683634783642	KS	229	2066
P49841	Q9H7N4_S548	Q9H7N4	-3.43155729029973	KS	41	2069
Q13188	Q9H832_S339	Q9H832	1.31028925617714	KS	278	2071
Q8TD19	Q9H8S9_T35	Q9H8S9	-1.96926226325855	KS	251	2072
P49841	Q9H8Y8_S451	Q9H8Y8	-1.25402304191376	KS	41	2074
Q00537	Q9HCD6_T434	Q9HCD6	-1.08114025743382	KS	156	2086
Q96PY6	Q9HCH5_S562	Q9HCH5	-0.643874721697578	KS	302	2087
P41743	Q9HCM4_S348	Q9HCM4	-1.93680817984976	KS	285	2096
Q9NYV4	Q9HCM7_S1034	Q9HCM7	-2.26112307436416	KS	42	2098
P50613	Q9NP66_S105	Q9NP66	-1.79446355693827	KS	138	2102
Q15418	Q9NQC3_S182	Q9NQC3	-1.33320358850077	KS	243	2105
P15056	Q9NQC3_S184	Q9NQC3	-2.66247145703214	KS	89	2106
P49759	Q9NQW6_S182	Q9NQW6	-1.05540799955859	KS	59	2116
P27361	Q9NQW6_S927	Q9NQW6	-1.04211494223602	KS	73	2118
P48730	Q9NR30_S121	Q9NR30	-1.52671225487053	KS	187	2122
Q86UE8	Q9NR30_S171	Q9NR30	-2.89250215050284	KS	249	2123
Q13153	Q9NRY4_S1070	Q9NRY4	1.54891122145212	KS	273	2125
O00418	Q9NVF7_S344	Q9NVF7	-1.33636317349945	KS	277	2139
Q15418	Q9NYF3_S122	Q9NYF3	0.90932416009999	KS	243	2148
P17612	Q9NYF3_S232	Q9NYF3	1.33600184893185	KS	272	2149
O95835	Q9NYF8_S183	Q9NYF8	-1.76865652561647	KS	24	2151
Q13188	Q9NYF8_S222	Q9NYF8	-0.520206136215096	KS	278	2152
Q8N4C8	Q9NYF8_S578	Q9NYF8	1.34371263475728	KS	13	2160
Q13873	Q9NZ63_S261	Q9NZ63	2.5627227205023	KS	34	2163
Q86Z02	Q9NZT2_S484	Q9NZT2	1.04943976438997	KS	58	2169
Q96SB4	Q9P1Y5_S1074	Q9P1Y5	-1.1172348569546	KS	48	2175
Q00536	Q9P1Y5_S368	Q9P1Y5	-1.68320328400869	KS	202	2177
P57059	Q9P1Y5_S431	Q9P1Y5	1.696022571128	KS	236	2178
Q86Z02	Q9UBC2_S229	Q9UBC2	-1.42517128348039	KS	58	2187
Q00536	Q9UFC0_S251	Q9UFC0	2.31446838525609	KS	202	2196
Q16512	Q9UGV2_S331	Q9UGV2	-1.64022364473127	KS	97	2198
P23443	Q9UHB6_S225	Q9UHB6	-2.25609768939926	KS	174	2200
Q7KZI7	Q9UHB6_S230	Q9UHB6	-1.78270760799944	KS	209	2201
P49841	Q9UHB7_S1055	Q9UHB7	2.02211748224329	KS	41	2205
P50613	Q9UHB7_S1062	Q9UHB7	1.43963110775237	KS	138	2206
Q00536	Q9UHF7_S216	Q9UHF7	-1.09586413278975	KS	202	2215
Q00537	Q9UHR4_T257	Q9UHR4	-2.1470692863737	KS	156	2221
P28482	Q9UHX1_T311	Q9UHX1	-0.548623633399998	KS	70	2225
O95835	Q9UIG0_S1342	Q9UIG0	1.07240687363615	KS	24	2226
O00418	Q9UJU6_S232	Q9UJU6	-0.921392432340191	KS	277	2229
Q9NYV4	Q9UJU6_S275	Q9UJU6	2.32563250798525	KS	42	2230
Q86Z02	Q9UJY1_T87	Q9UJY1	2.39564140278839	KS	58	2235
Q2M2I8	Q9UK58_T325	Q9UK58	1.54459673830336	KS	44	2239
P27361	Q9UKG1_T399	Q9UKG1	0.768035885272244	KS	73	2244
Q9NYV4	Q9UKV3_S1004	Q9UKV3	-1.53640652894144	KS	42	2249
P49841	Q9UKY7_S107	Q9UKY7	-1.88576354232201	KS	41	2251
Q9H2G2	Q9UKY7_S197	Q9UKY7	2.16317123451511	KS	166	2252
P28482	Q9ULH0_S1555	Q9ULH0	-1.76918426163133	KS	70	2255
Q8TD19	Q9ULT0_S182	Q9ULT0	-2.32769931132541	KS	251	2260
P17612	Q9ULT8_S1384	Q9ULT8	0.509576031684294	KS	272	2261
O95835	Q9ULX3_S201	Q9ULX3	-1.03603571895186	KS	24	2263
Q86Z02	Q9UMS6_S902	Q9UMS6	-2.36374446089919	KS	58	2264
P23443	Q9UMZ2_S1075	Q9UMZ2	-1.36707997436685	KS	174	2266
O75676	Q9UN36_S350	Q9UN36	-1.28276058645687	KS	262	2268
Q9NSY1	Q9UNS1_S1087	Q9UNS1	0.566831354038907	KS	50	2277
Q96SB4	Q9UPQ0_S718	Q9UPQ0	1.0327538753475	KS	48	2281
Q00537	Q9Y217_S561	Q9Y217	-1.24121584196937	KS	156	2296
O95835	Q9Y2H5_S777	Q9Y2H5	0.506780352323361	KS	24	2301
Q13131	Q9Y2I7_S307	Q9Y2I7	-1.74230793427217	KS	112	2304
P49759	Q9Y2K6_S373	Q9Y2K6	-1.1513530517914	KS	59	2306
P19525	Q9Y2V2_T45	Q9Y2V2	-0.923234066397004	KS	231	2312
P23443	Q9Y2W1_S624	Q9Y2W1	1.25217661874782	KS	174	2319
O75676	Q9Y3R0_S43	Q9Y3R0	-0.611984684020205	KS	262	2332
P50613	Q9Y4E6_S935	Q9Y4E6	-1.65568642775988	KS	138	2340
Q15418	Q9Y5K6_S233	Q9Y5K6	-3.36896421834356	KS	243	2348
O14578	Q9Y6M7_S242	Q9Y6M7	0.698137986212191	KS	227	2358
P16234	P28749_Y986	P28749	-2.61564222613642	KS	347	2373
Q05397	P55081_Y47	P55081	-0.725779387159118	KS	367	2377
P16234	P62899_Y103	P62899	-1.79010837985154	KS	347	2378
P45985	P67809_Y208	P67809	-2.85534708608393	KS	311	2380
P45985	Q5T0W9_Y389	Q5T0W9	1.15249809863745	KS	311	2392
P30291	Q6PKG0_Y652	Q6PKG0	0.627979662455118	KS	375	2393
P45985	Q9NYF8_Y219	Q9NYF8	-1.0418966016379	KS	311	2412
Q13873	Q9NYF8_Y383	Q9NYF8	-1.40860331360016	KS	34	2414
P49841	P04406_T75	P04406	0.815487678483043	KS	41	737
Q86Z02	Q15648_T1051	Q15648	0.630154758501893	KS	58	1316
Q9H2G2	Q5T1M5_S346	Q5T1M5	-1.41565325171772	KS	166	1405
Q96L34	Q3KQU3_S273	Q3KQU3	-1.51777110815363	KS	207	1352
Q16513	Q8N573_S91	Q8N573	0.784261220689366	KS	215	1685
Q16513	Q8WXE0_S858	Q8WXE0	-1.64100355764572	KS	215	1807
P57059	Q9Y570_S15	Q9Y570	2.09172945356355	KS	236	2346
Q13131	Q9HCH5_S562	Q9HCH5	-0.643874721697578	KS	112	2087
Q2M2I8	Q9HCM4_S348	Q9HCM4	-1.93680817984976	KS	44	2096
P49841	O43166_S1549	O43166	0.922739822807442	KS	41	578
Q13873	Q96CP6_S263	Q96CP6	1.36114832657015	KS	34	1875
O15530	Q14689_S94	Q14689	1.55187906520779	KS	229	1254
Q9H2G2	Q9NYF8_S222	Q9NYF8	-0.520206136215096	KS	166	2152
Q7KZI7	Q6UUV7_S62	Q6UUV7	-2.92122205712849	KS	209	1515
Q13131	Q8NF50_S904	Q8NF50	-0.785775891627734	KS	112	1737
P19525	Q8IY81_S677	Q8IY81	1.27396193143215	KS	231	1658
P50613	Q9UHF7_S216	Q9UHF7	-1.09586413278975	KS	138	2215
Q00537	Q9H4Z3_S30	Q9H4Z3	0.591139777158011	KS	156	2055
Q96SB4	Q9UKV3_S1004	Q9UKV3	-1.53640652894144	KS	48	2249
O43318	Q5T0W9_S466	Q5T0W9	-1.22333548426208	KS	168	1399
P36507	Q9H8S9_T35	Q9H8S9	-1.96926226325855	KS	38	2072
Q96L34	Q9ULT8_S1384	Q9ULT8	0.509576031684294	KS	207	2261
Q7KZI7	Q96RU3_S296	Q96RU3	-0.555842393716034	KS	209	1930
Q96SB4	Q9Y2H5_S777	Q9Y2H5	0.506780352323361	KS	48	2301
Q9NYV4	Q9Y2K6_S373	Q9Y2K6	-1.1513530517914	KS	42	2306
P27361	Q9UHX1_T311	Q9UHX1	-0.548623633399998	KS	73	2225
O94804	Q9UMZ2_S1075	Q9UMZ2	-1.36707997436685	KS	169	2266
P49841	Q9UNS1_S1087	Q9UNS1	0.566831354038907	KS	41	2277
O75385	Q9NRY4_S1070	Q9NRY4	1.54891122145212	KS	235	2125
P17612	Q9Y3R0_S43	Q9Y3R0	-0.611984684020205	KS	272	2332
Q96GX5	Q9Y6Y0_S338	Q9Y6Y0	0.697558759222233	KS	247	2359
P23443	Q9NYF3_S122	Q9NYF3	0.90932416009999	KS	174	2148
Q96L34	Q9Y6M7_S242	Q9Y6M7	0.698137986212191	KS	207	2358
P30291	Q14498_Y95	Q14498	1.36845065103213	KS	375	2388
P45985	P55081_Y47	P55081	-0.725779387159118	KS	311	2377
P16234	Q6PKG0_Y652	Q6PKG0	0.627979662455118	KS	347	2393
Q9BZL6	P12931_S17	P12931	-0.546900369064724	KS	85	409
O95835	Q9Y6I3_T470	Q9Y6I3	2.84501679639335	KS	24	2357
P36507	Q8WWQ0_S674	Q8WWQ0	-1.62513115137902	KS	38	1804
Q00536	Q9NZ63_S261	Q9NZ63	2.5627227205023	KS	202	2163
Q13153	Q92974_S886	Q92974	1.00126951566851	KS	273	1860
O75385	Q6UUV9_S153	Q6UUV9	1.82154444273285	KS	235	1517
Q96PY6	Q9Y2V2_T45	Q9Y2V2	-0.923234066397004	KS	302	2312
P57059	Q96RU3_S296	Q96RU3	-0.555842393716034	KS	236	1930
P48730	Q9UKG1_T399	Q9UKG1	0.768035885272244	KS	187	2244
Q9H4A3	Q9NQC3_S182	Q9NQC3	-1.33320358850077	KS	283	2105
P19525	Q05397_S840	Q05397	-0.973566502672337	KS	231	442
Q07912	P67809_Y208	P67809	-2.85534708608393	KS	316	2380
Q00536	Q9UJU6_S275	Q9UJU6	2.32563250798525	KS	202	2230
P17612	P12931_S17	P12931	-0.546900369064724	KS	272	409
O00418	O43719_S481	O43719	-1.21630987390334	KS	277	596
Q9BZL6	Q6ZU67_S528	Q6ZU67	1.31194645998476	KS	85	1541
Q9NYV4	Q9UJU6_S232	Q9UJU6	-0.921392432340191	KS	42	2229
P19784	O75122_S596	O75122	1.08340676915559	KS	135	635
P45983	O75369_S1988	O75369	1.11723516978991	KS	69	650
Q9NQU5	O75815_S290	O75815	5.1093072179995	KS	45	676
Q8TD08	O94885_S721	O94885	-2.15210157158964	KS	155	688
P45983	P05412_S63	P05412	-1.01044206021341	KS	69	747
Q9BXM7	P09234_S17	P09234	1.09112894290728	KS	120	759
Q8TAS1	P14618_S37	P14618	-1.16998439706093	KS	139	787
P24941	P28749_S988	P28749	-2.75745257752113	KS	128	872
Q9BXM7	P55327_S171	P55327	-1.06519554079157	KS	120	1035
P45983	P60866_T9	P60866	-1.70748721376593	KS	69	1047
O00311	Q09666_S135	Q09666	-1.86096810456615	KS	29	1118
Q8TAS1	Q13428_S1228	Q13428	-4.72600869548738	KS	139	1193
P19784	Q13596_S39	Q13596	1.81903488247081	KS	135	1222
P24941	Q14157_S609	Q14157	-1.36592659398837	KS	128	1234
P24941	Q567U6_S305	Q567U6	-1.02911841253632	KS	128	1374
P68400	Q5H9R7_S525	Q5H9R7	-1.02815037750272	KS	134	1379
P24941	Q5UIP0_S2161	Q5UIP0	-1.50040754753244	KS	128	1420
Q9BXM7	Q6PGN9_S122	Q6PGN9	-1.90497512009408	KS	120	1492
P24941	Q6PID6_S197	Q6PID6	1.15754826134894	KS	128	1495
Q8TD08	Q7Z2Z1_S441	Q7Z2Z1	-1.69675231401669	KS	155	1563
O00311	Q86X95_S202	Q86X95	-3.40492762939886	KS	29	1624
P68400	Q86XP3_S109	Q86XP3	1.30084385007774	KS	134	1627
P42345	Q92609_S554	Q92609	-1.11600881236792	KS	119	1843
P24941	Q92738_S680	Q92738	-1.89550185742676	KS	128	1853
P53779	Q96BK5_T164	Q96BK5	1.11253699411935	KS	68	1867
P24941	Q99459_T377	Q99459	1.6390165990619	KS	128	1951
P24941	Q9BZD4_S247	Q9BZD4	-2.03117612095887	KS	128	2010
P24941	Q9HAW4_S1289	Q9HAW4	-1.10718365086426	KS	128	2080
Q9BXM7	Q9NQC3_S7	Q9NQC3	-1.32038162898457	KS	120	2107
P68400	Q9NQS7_S214	Q9NQS7	1.4036834525808	KS	134	2109
Q9BXM7	Q9UEU0_T103	Q9UEU0	-1.19042204851043	KS	120	2193
P24941	Q9UHF7_S90	Q9UHF7	-2.55100617776013	KS	128	2217
O00311	Q9ULD2_T1204	Q9ULD2	2.29641618985456	KS	29	2253
P68400	Q9UQC2_T287	Q9UQC2	-1.08688877331238	KS	134	2293
P07333	Q9HBG6_Y146	Q9HBG6	-2.35906024382513	KS	334	2408
P19784	A7KAX9_S871	A7KAX9	-2.61907090816037	KS	135	523
P35626	O60341_S166	O60341	-1.17473597462916	KS	186	611
O00311	O75190_S277	O75190	-3.57824704356591	KS	29	647
P42345	P42224_S727	P42224	1.12532146986688	KS	119	921
P53779	P05412_S63	P05412	-1.01044206021341	KS	68	747
Q9BXM7	P14618_S37	P14618	-1.16998439706093	KS	120	787
Q9NQU5	Q15124_S122	Q15124	6.04495268733866	KS	45	1276
Q9NQU5	Q15149_S4385	Q15149	-1.16229019396183	KS	45	1279
O15111	Q8N3X1_S116	Q8N3X1	2.85591097436192	KS	16	1682
P45983	P18846_S198	P18846	1.80767621022241	KS	69	814
P19784	Q9NQS7_S214	Q9NQS7	1.4036834525808	KS	135	2109
P07333	Q6PKG0_Y652	Q6PKG0	0.627979662455118	KS	334	2393
Q9BXM7	Q92609_S554	Q92609	-1.11600881236792	KS	120	1843
P51955	Q15124_S122	Q15124	6.04495268733866	KS	276	1276
P19784	Q8N3X1_S116	Q8N3X1	2.85591097436192	KS	135	1682
Q9BXM7	P05412_S63	P05412	-1.01044206021341	KS	120	747
Q15349	Q09666_S135	Q09666	-1.86096810456615	KS	228	1118
P51955	Q6IAA8_S98	Q6IAA8	-1.97307086654823	KS	276	1466
P42345	O94885_S721	O94885	-2.15210157158964	KS	119	688
P19784	Q96AC1_S159	Q96AC1	-2.00180686690578	KS	135	1865
Q15349	P10636_S531	P10636	1.13324694869777	KS	228	764
P35626	P17612_S339	P17612	-0.832589266194628	KS	186	412
P68400	Q96BK5_T164	Q96BK5	1.11253699411935	KS	134	1867
Q8TD08	Q6PID6_S197	Q6PID6	1.15754826134894	KS	155	1495
O15111	O60341_S166	O60341	-1.17473597462916	KS	16	611
